-- phpMyAdmin SQL Dump
-- version 5.0.2
-- https://www.phpmyadmin.net/
--
-- Hôte : 127.0.0.1
-- Généré le : lun. 24 août 2020 à 13:33
-- Version du serveur :  10.4.11-MariaDB
-- Version de PHP : 7.4.4

SET SQL_MODE = "NO_AUTO_VALUE_ON_ZERO";
START TRANSACTION;
SET time_zone = "+00:00";


/*!40101 SET @OLD_CHARACTER_SET_CLIENT=@@CHARACTER_SET_CLIENT */;
/*!40101 SET @OLD_CHARACTER_SET_RESULTS=@@CHARACTER_SET_RESULTS */;
/*!40101 SET @OLD_COLLATION_CONNECTION=@@COLLATION_CONNECTION */;
/*!40101 SET NAMES utf8mb4 */;

--
-- Base de données : `pointage_horaire`
--

CREATE DATABASE pointage_horaire;
USE pointage_horaire;

-- --------------------------------------------------------

--
-- Structure de la table `absences`
--

CREATE TABLE `absences` (
  `id_abs` int(11) NOT NULL,
  `date_jour` date NOT NULL,
  `nbre_heures` int(11) NOT NULL,
  `id_pers` int(11) NOT NULL,
  `id_motif` int(11) NOT NULL DEFAULT 1
) ENGINE=InnoDB DEFAULT CHARSET=utf8mb4;

--
-- Déchargement des données de la table `absences`
--

INSERT INTO `absences` (`id_abs`, `date_jour`, `nbre_heures`, `id_pers`, `id_motif`) VALUES
(1, '2020-02-24', 4, 5, 1),
(2, '2020-02-24', 8, 6, 1),
(3, '2020-02-24', 8, 12, 1),
(4, '2020-02-24', 8, 15, 1),
(5, '2020-02-24', 2, 19, 1),
(6, '2020-02-24', 8, 23, 1),
(7, '2020-02-25', 8, 6, 1),
(8, '2020-02-25', 8, 12, 1),
(9, '2020-02-25', 8, 15, 1),
(10, '2020-02-25', 8, 21, 1),
(11, '2020-02-25', 8, 23, 1),
(12, '2020-02-26', 8, 5, 1),
(13, '2020-02-26', 8, 6, 1),
(14, '2020-02-26', 8, 12, 1),
(15, '2020-02-26', 8, 15, 1),
(16, '2020-02-27', 8, 12, 1),
(17, '2020-02-28', 8, 12, 1),
(18, '2020-02-28', 8, 15, 1),
(19, '2020-02-28', 8, 19, 1),
(20, '2020-02-28', 8, 23, 1),
(21, '2020-02-29', 8, 1, 1),
(22, '2020-02-29', 8, 3, 1),
(23, '2020-02-29', 8, 4, 1),
(24, '2020-02-29', 8, 6, 1),
(25, '2020-02-29', 4, 7, 1),
(26, '2020-02-29', 8, 8, 1),
(27, '2020-02-29', 8, 9, 1),
(28, '2020-02-29', 8, 10, 1),
(29, '2020-02-29', 2, 11, 1),
(30, '2020-02-29', 2, 11, 1),
(31, '2020-02-29', 8, 12, 1),
(32, '2020-02-29', 2, 13, 1),
(33, '2020-02-29', 8, 14, 1),
(34, '2020-02-29', 8, 15, 1),
(35, '2020-02-29', 8, 16, 1),
(36, '2020-02-29', 8, 17, 1),
(37, '2020-02-29', 8, 18, 1),
(38, '2020-02-29', 8, 19, 1),
(39, '2020-02-29', 4, 20, 1),
(40, '2020-02-29', 8, 21, 1),
(41, '2020-02-29', 2, 22, 1),
(42, '2020-02-29', 8, 23, 1),
(43, '2020-02-29', 8, 24, 1),
(44, '2020-02-29', 8, 25, 1),
(45, '2020-03-02', 8, 5, 1),
(46, '2020-03-02', 8, 12, 1),
(47, '2020-03-02', 8, 16, 1),
(48, '2020-03-02', 8, 23, 1),
(49, '2020-03-03', 4, 8, 1),
(50, '2020-03-03', 2, 11, 1),
(51, '2020-03-03', 8, 12, 1),
(52, '2020-03-03', 8, 15, 1),
(53, '2020-03-03', 8, 16, 1),
(54, '2020-03-03', 8, 23, 1),
(55, '2020-03-04', 2, 3, 1),
(56, '2020-03-04', 8, 12, 1),
(57, '2020-03-04', 8, 15, 1),
(58, '2020-03-04', 8, 16, 1),
(59, '2020-03-04', 8, 17, 1),
(60, '2020-03-04', 2, 19, 1),
(61, '2020-03-04', 8, 21, 1),
(62, '2020-03-04', 8, 23, 1),
(63, '2020-03-04', 2, 25, 1),
(64, '2020-03-05', 8, 12, 1),
(65, '2020-03-05', 8, 15, 1),
(66, '2020-03-05', 8, 19, 1),
(67, '2020-03-05', 8, 23, 1),
(68, '2020-03-06', 8, 12, 1),
(69, '2020-03-06', 8, 21, 1),
(70, '2020-03-07', 8, 1, 1),
(71, '2020-03-07', 8, 3, 1),
(72, '2020-03-07', 8, 4, 1),
(73, '2020-03-07', 2, 5, 1),
(74, '2020-03-07', 2, 6, 1),
(75, '2020-03-07', 8, 7, 1),
(76, '2020-03-07', 8, 8, 1),
(77, '2020-03-07', 8, 9, 1),
(78, '2020-03-07', 2, 10, 1),
(79, '2020-03-07', 8, 11, 1),
(80, '2020-03-07', 8, 12, 1),
(81, '2020-03-07', 2, 13, 1),
(82, '2020-03-07', 8, 14, 1),
(83, '2020-03-07', 8, 15, 1),
(84, '2020-03-07', 8, 16, 1),
(85, '2020-03-07', 8, 17, 1),
(86, '2020-03-07', 8, 18, 1),
(87, '2020-03-07', 8, 19, 1),
(88, '2020-03-07', 4, 20, 1),
(89, '2020-03-07', 2, 21, 1),
(90, '2020-03-07', 8, 22, 1),
(91, '2020-03-07', 8, 23, 1),
(92, '2020-03-07', 8, 24, 1),
(93, '2020-03-07', 8, 25, 1),
(94, '2020-03-09', 2, 4, 1),
(95, '2020-03-09', 8, 12, 1),
(96, '2020-03-09', 8, 21, 1),
(97, '2020-03-09', 8, 23, 1),
(98, '2020-03-09', 8, 25, 1),
(99, '2020-03-10', 8, 12, 1),
(100, '2020-03-10', 8, 15, 1),
(101, '2020-03-10', 8, 16, 1),
(102, '2020-03-10', 8, 17, 1),
(103, '2020-03-10', 8, 21, 1),
(104, '2020-03-10', 8, 23, 1),
(105, '2020-03-11', 8, 5, 1),
(106, '2020-03-11', 8, 12, 1),
(107, '2020-03-11', 8, 16, 1),
(108, '2020-03-11', 8, 23, 1),
(109, '2020-03-12', 8, 5, 1),
(110, '2020-03-12', 8, 12, 1),
(111, '2020-03-12', 8, 16, 1),
(112, '2020-03-12', 8, 23, 1),
(113, '2020-03-13', 8, 5, 1),
(114, '2020-03-13', 8, 12, 1),
(115, '2020-03-13', 8, 16, 1),
(116, '2020-03-13', 8, 23, 1),
(117, '2020-03-14', 8, 1, 1),
(118, '2020-03-14', 8, 3, 1),
(119, '2020-03-14', 8, 4, 1),
(120, '2020-03-14', 2, 5, 1),
(121, '2020-03-14', 8, 6, 1),
(122, '2020-03-14', 8, 7, 1),
(123, '2020-03-14', 8, 8, 1),
(124, '2020-03-14', 8, 9, 1),
(125, '2020-03-14', 8, 10, 1),
(126, '2020-03-14', 8, 11, 1),
(127, '2020-03-14', 2, 12, 1),
(128, '2020-03-14', 8, 13, 1),
(129, '2020-03-14', 8, 14, 1),
(130, '2020-03-14', 8, 15, 1),
(131, '2020-03-14', 8, 16, 1),
(132, '2020-03-14', 4, 17, 1),
(133, '2020-03-14', 8, 18, 1),
(134, '2020-03-14', 8, 19, 1),
(135, '2020-03-14', 8, 20, 1),
(136, '2020-03-14', 8, 21, 1),
(137, '2020-03-14', 8, 22, 1),
(138, '2020-03-14', 8, 23, 1),
(139, '2020-03-14', 8, 24, 1),
(140, '2020-03-14', 8, 25, 1),
(141, '2020-03-16', 2, 6, 1),
(142, '2020-03-16', 8, 15, 1),
(143, '2020-03-16', 2, 16, 1),
(144, '2020-03-16', 8, 19, 1),
(145, '2020-03-16', 2, 24, 1),
(146, '2020-03-17', 8, 6, 1),
(147, '2020-03-17', 8, 9, 1),
(148, '2020-03-17', 8, 10, 1),
(149, '2020-03-17', 8, 12, 1),
(150, '2020-03-17', 8, 19, 1),
(151, '2020-03-17', 8, 23, 1),
(152, '2020-07-20', 2, 1, 1),
(153, '2020-07-20', 4, 3, 1),
(154, '2020-07-20', 2, 7, 1),
(155, '2020-07-20', 2, 8, 1),
(156, '2020-07-20', 2, 9, 1),
(157, '2020-07-20', 8, 10, 1),
(158, '2020-07-20', 8, 11, 1),
(159, '2020-07-20', 8, 12, 1),
(160, '2020-07-20', 8, 13, 1),
(161, '2020-07-20', 8, 15, 1),
(162, '2020-07-20', 2, 19, 1),
(163, '2020-07-20', 2, 20, 1),
(164, '2020-07-20', 2, 21, 1),
(165, '2020-07-20', 2, 22, 1),
(166, '2020-07-20', 8, 23, 1),
(167, '2020-07-20', 8, 24, 1),
(168, '2020-07-20', 2, 25, 1),
(169, '2020-07-21', 2, 11, 1),
(170, '2020-07-21', 8, 13, 1),
(171, '2020-07-21', 8, 15, 1),
(172, '2020-07-21', 2, 17, 1),
(173, '2020-07-21', 2, 21, 1),
(174, '2020-07-21', 4, 23, 1),
(175, '2020-07-21', 8, 24, 1),
(176, '2020-07-21', 2, 25, 1),
(177, '2020-07-22', 2, 1, 1),
(178, '2020-07-22', 2, 3, 1),
(179, '2020-07-22', 2, 6, 1),
(180, '2020-07-22', 2, 10, 1),
(181, '2020-07-22', 2, 11, 1),
(182, '2020-07-22', 2, 12, 1),
(183, '2020-07-22', 8, 13, 1),
(184, '2020-07-22', 8, 15, 1),
(185, '2020-07-22', 2, 16, 1),
(186, '2020-07-22', 8, 24, 1),
(187, '2020-07-22', 8, 25, 1),
(188, '2020-07-23', 2, 3, 1),
(189, '2020-07-23', 2, 4, 1),
(190, '2020-07-23', 2, 5, 1),
(191, '2020-07-23', 2, 6, 1),
(192, '2020-07-23', 2, 8, 1),
(193, '2020-07-23', 2, 9, 1),
(194, '2020-07-23', 2, 10, 1),
(195, '2020-07-23', 2, 11, 1),
(196, '2020-07-23', 2, 12, 1),
(197, '2020-07-23', 8, 13, 1),
(198, '2020-07-23', 2, 14, 1),
(199, '2020-07-23', 8, 15, 1),
(200, '2020-07-23', 2, 16, 1),
(201, '2020-07-23', 2, 17, 1),
(202, '2020-07-23', 8, 19, 1),
(203, '2020-07-23', 2, 21, 1),
(204, '2020-07-23', 2, 22, 1),
(205, '2020-07-23', 8, 23, 1),
(206, '2020-07-23', 8, 24, 1),
(207, '2020-07-24', 2, 3, 3),
(208, '2020-07-24', 2, 7, 1),
(209, '2020-07-24', 2, 8, 1),
(210, '2020-07-24', 2, 9, 1),
(211, '2020-07-24', 2, 10, 1),
(212, '2020-07-24', 2, 12, 1),
(213, '2020-07-24', 8, 13, 1),
(214, '2020-07-24', 2, 14, 1),
(215, '2020-07-24', 8, 15, 1),
(216, '2020-07-24', 2, 16, 1),
(217, '2020-07-24', 2, 17, 1),
(218, '2020-07-24', 2, 19, 1),
(219, '2020-07-24', 2, 21, 1),
(220, '2020-07-24', 2, 23, 1),
(221, '2020-07-24', 8, 24, 1),
(222, '2020-07-24', 2, 25, 1),
(223, '2020-07-27', 2, 2, 1),
(224, '2020-07-27', 8, 3, 6),
(225, '2020-07-27', 2, 5, 1),
(226, '2020-07-27', 2, 6, 1),
(227, '2020-07-27', 2, 7, 1),
(228, '2020-07-27', 2, 8, 1),
(229, '2020-07-27', 2, 9, 1),
(230, '2020-07-27', 2, 10, 1),
(231, '2020-07-27', 2, 11, 1),
(232, '2020-07-27', 8, 12, 1),
(233, '2020-07-27', 8, 13, 1),
(234, '2020-07-27', 8, 15, 1),
(235, '2020-07-27', 2, 16, 1),
(236, '2020-07-27', 2, 19, 1),
(237, '2020-07-27', 2, 21, 1),
(238, '2020-07-27', 2, 22, 1),
(239, '2020-07-27', 2, 23, 1),
(240, '2020-07-27', 8, 24, 1),
(241, '2020-07-27', 2, 25, 1),
(242, '2020-07-28', 2, 4, 1),
(243, '2020-07-28', 2, 5, 1),
(244, '2020-07-28', 2, 6, 1),
(245, '2020-07-28', 2, 8, 1),
(246, '2020-07-28', 2, 9, 1),
(247, '2020-07-28', 2, 10, 1),
(248, '2020-07-28', 2, 11, 1),
(249, '2020-07-28', 8, 12, 1),
(250, '2020-07-28', 8, 13, 1),
(251, '2020-07-28', 2, 14, 1),
(252, '2020-07-28', 6, 15, 1),
(253, '2020-07-28', 2, 16, 1),
(254, '2020-07-28', 2, 19, 1),
(255, '2020-07-28', 2, 21, 1),
(256, '2020-07-28', 2, 23, 1),
(257, '2020-07-28', 8, 24, 1),
(258, '2020-07-29', 2, 3, 1),
(259, '2020-07-29', 2, 5, 1),
(260, '2020-07-29', 2, 6, 1),
(261, '2020-07-29', 8, 7, 1),
(262, '2020-07-29', 2, 8, 1),
(263, '2020-07-29', 2, 9, 1),
(264, '2020-07-29', 2, 10, 1),
(265, '2020-07-29', 2, 11, 1),
(266, '2020-07-29', 8, 12, 1),
(267, '2020-07-29', 8, 13, 1),
(268, '2020-07-29', 2, 14, 1),
(269, '2020-07-29', 8, 15, 1),
(270, '2020-07-29', 2, 16, 1),
(271, '2020-07-29', 2, 17, 1),
(272, '2020-07-29', 2, 18, 1),
(273, '2020-07-29', 2, 19, 1),
(274, '2020-07-29', 2, 20, 1),
(275, '2020-07-29', 2, 21, 1),
(276, '2020-07-29', 2, 22, 1),
(277, '2020-07-29', 8, 23, 1),
(278, '2020-07-29', 8, 24, 1),
(279, '2020-07-29', 2, 25, 1),
(280, '2020-07-30', 2, 3, 1),
(281, '2020-07-30', 2, 5, 1),
(282, '2020-07-30', 8, 7, 4),
(283, '2020-07-30', 2, 8, 1),
(284, '2020-07-30', 2, 9, 1),
(285, '2020-07-30', 2, 10, 1),
(286, '2020-07-30', 8, 11, 1),
(287, '2020-07-30', 8, 12, 1),
(288, '2020-07-30', 8, 13, 1),
(289, '2020-07-30', 2, 15, 1),
(290, '2020-07-30', 2, 16, 1),
(291, '2020-07-30', 2, 17, 1),
(292, '2020-07-30', 2, 18, 1),
(293, '2020-07-30', 2, 19, 1),
(294, '2020-07-30', 2, 21, 1),
(295, '2020-07-30', 2, 23, 1),
(296, '2020-07-30', 8, 24, 1),
(297, '2020-07-30', 8, 25, 1),
(298, '2020-07-31', 2, 11, 1),
(299, '2020-07-31', 2, 14, 1),
(300, '2020-07-31', 2, 23, 1),
(301, '2020-08-03', 2, 1, 1),
(302, '2020-08-03', 2, 3, 1),
(303, '2020-08-03', 2, 5, 1),
(304, '2020-08-03', 2, 7, 1),
(305, '2020-08-03', 2, 8, 1),
(306, '2020-08-03', 2, 11, 1),
(307, '2020-08-03', 8, 12, 1),
(308, '2020-08-03', 8, 14, 1),
(309, '2020-08-03', 8, 15, 1),
(310, '2020-08-03', 2, 16, 1),
(311, '2020-08-03', 2, 17, 1),
(312, '2020-08-03', 8, 18, 1),
(313, '2020-08-03', 8, 19, 1),
(314, '2020-08-03', 8, 21, 1),
(315, '2020-08-03', 8, 23, 1),
(316, '2020-08-03', 8, 25, 1),
(317, '2020-08-04', 2, 2, 1),
(318, '2020-08-04', 8, 3, 1),
(319, '2020-08-04', 2, 6, 1),
(320, '2020-08-04', 2, 8, 1),
(321, '2020-08-04', 2, 9, 1),
(322, '2020-08-04', 8, 11, 1),
(323, '2020-08-04', 8, 12, 1),
(324, '2020-08-04', 4, 15, 1),
(325, '2020-08-04', 2, 16, 1),
(326, '2020-08-04', 8, 19, 1),
(327, '2020-08-04', 2, 21, 1),
(328, '2020-08-04', 2, 22, 1),
(329, '2020-08-04', 6, 23, 1),
(330, '2020-08-04', 8, 25, 1),
(331, '2020-08-05', 2, 1, 1),
(332, '2020-08-05', 8, 2, 1),
(333, '2020-08-05', 2, 3, 1),
(334, '2020-08-05', 4, 6, 1),
(335, '2020-08-05', 2, 8, 1),
(336, '2020-08-05', 2, 9, 1),
(337, '2020-08-05', 2, 11, 1),
(338, '2020-08-05', 8, 12, 1),
(339, '2020-08-05', 2, 14, 1),
(340, '2020-08-05', 8, 15, 1),
(341, '2020-08-05', 2, 16, 1),
(342, '2020-08-05', 2, 18, 1),
(343, '2020-08-05', 8, 19, 1),
(344, '2020-08-05', 8, 21, 1),
(345, '2020-08-05', 2, 24, 1),
(346, '2020-08-05', 8, 25, 1),
(347, '2020-08-06', 2, 3, 1),
(348, '2020-08-06', 2, 4, 1),
(349, '2020-08-06', 2, 6, 1),
(350, '2020-08-06', 2, 8, 1),
(351, '2020-08-06', 2, 9, 1),
(352, '2020-08-06', 2, 11, 1),
(353, '2020-08-06', 8, 12, 1),
(354, '2020-08-06', 2, 14, 1),
(355, '2020-08-06', 8, 15, 1),
(356, '2020-08-06', 2, 17, 1),
(357, '2020-08-06', 2, 18, 1),
(358, '2020-08-06', 2, 19, 1),
(359, '2020-08-06', 4, 20, 1),
(360, '2020-08-06', 8, 21, 1),
(361, '2020-08-06', 2, 23, 1),
(362, '2020-08-06', 8, 25, 1),
(363, '2020-08-07', 2, 5, 1),
(364, '2020-08-07', 2, 8, 1),
(365, '2020-08-07', 2, 9, 1),
(366, '2020-08-07', 8, 11, 1),
(367, '2020-08-07', 8, 12, 1),
(368, '2020-08-07', 8, 15, 1),
(369, '2020-08-07', 2, 16, 1),
(370, '2020-08-07', 2, 18, 1),
(371, '2020-08-07', 2, 19, 1),
(372, '2020-08-07', 2, 20, 1),
(373, '2020-08-07', 8, 21, 1),
(374, '2020-08-07', 2, 23, 1),
(375, '2020-08-07', 2, 24, 1),
(376, '2020-08-07', 8, 25, 1),
(377, '2020-08-10', 2, 3, 1),
(378, '2020-08-10', 2, 6, 1),
(379, '2020-08-10', 2, 7, 1),
(380, '2020-08-10', 2, 8, 1),
(381, '2020-08-10', 2, 9, 1),
(382, '2020-08-10', 2, 10, 1),
(383, '2020-08-10', 2, 11, 1),
(384, '2020-08-10', 8, 12, 1),
(385, '2020-08-10', 2, 13, 1),
(386, '2020-08-10', 8, 14, 1),
(387, '2020-08-10', 8, 15, 1),
(388, '2020-08-10', 2, 16, 1),
(389, '2020-08-10', 2, 17, 1),
(390, '2020-08-10', 2, 18, 1),
(391, '2020-08-10', 8, 19, 1),
(392, '2020-08-10', 8, 21, 1),
(393, '2020-08-10', 8, 23, 1),
(394, '2020-08-10', 8, 24, 1),
(395, '2020-08-10', 8, 25, 1),
(396, '2020-08-11', 2, 2, 1),
(397, '2020-08-11', 2, 3, 1),
(398, '2020-08-11', 2, 5, 1),
(399, '2020-08-11', 4, 6, 1),
(400, '2020-08-11', 2, 8, 1),
(401, '2020-08-11', 2, 9, 1),
(402, '2020-08-11', 8, 11, 1),
(403, '2020-08-11', 8, 12, 1),
(404, '2020-08-11', 2, 13, 1),
(405, '2020-08-11', 2, 14, 1),
(406, '2020-08-11', 8, 15, 1),
(407, '2020-08-11', 2, 16, 1),
(408, '2020-08-11', 2, 17, 1),
(409, '2020-08-11', 2, 21, 1),
(410, '2020-08-11', 2, 22, 1),
(411, '2020-08-11', 8, 23, 1),
(412, '2020-08-11', 2, 24, 1),
(413, '2020-08-11', 8, 25, 1),
(414, '2020-08-12', 2, 3, 1),
(415, '2020-08-12', 2, 5, 1),
(416, '2020-08-12', 2, 6, 1),
(417, '2020-08-12', 2, 8, 1),
(418, '2020-08-12', 2, 9, 1),
(419, '2020-08-12', 2, 11, 1),
(420, '2020-08-12', 8, 12, 1),
(421, '2020-08-12', 2, 13, 1),
(422, '2020-08-12', 8, 15, 1),
(423, '2020-08-12', 2, 16, 1),
(424, '2020-08-12', 2, 18, 1),
(425, '2020-08-12', 8, 19, 1),
(426, '2020-08-12', 4, 20, 1),
(427, '2020-08-12', 8, 21, 1),
(428, '2020-08-12', 8, 23, 1),
(429, '2020-08-12', 2, 24, 1),
(430, '2020-08-12', 8, 25, 1),
(431, '2020-08-13', 2, 9, 1),
(432, '2020-08-13', 8, 12, 1),
(433, '2020-08-13', 2, 14, 1),
(434, '2020-08-13', 8, 15, 1),
(435, '2020-08-13', 2, 16, 1),
(436, '2020-08-13', 2, 18, 1),
(437, '2020-08-13', 2, 19, 1),
(438, '2020-08-13', 8, 21, 1),
(439, '2020-08-13', 2, 23, 1),
(440, '2020-08-13', 8, 25, 1),
(441, '2020-08-14', 2, 2, 1),
(442, '2020-08-14', 2, 3, 1),
(443, '2020-08-14', 2, 5, 1),
(444, '2020-08-14', 2, 9, 1),
(445, '2020-08-14', 8, 12, 1),
(446, '2020-08-14', 2, 14, 1),
(447, '2020-08-14', 8, 15, 1),
(448, '2020-08-14', 2, 16, 1),
(449, '2020-08-14', 2, 17, 1),
(450, '2020-08-14', 2, 18, 1),
(451, '2020-08-14', 2, 19, 1),
(452, '2020-08-14', 8, 21, 1),
(453, '2020-08-14', 8, 23, 1),
(454, '2020-08-14', 8, 25, 1),
(455, '2020-08-17', 2, 3, 1),
(456, '2020-08-17', 2, 5, 1),
(457, '2020-08-17', 2, 6, 1),
(458, '2020-08-17', 2, 7, 1),
(459, '2020-08-17', 2, 8, 1),
(460, '2020-08-17', 2, 9, 1),
(461, '2020-08-17', 2, 10, 1),
(462, '2020-08-17', 2, 11, 1),
(463, '2020-08-17', 8, 12, 1),
(464, '2020-08-17', 8, 15, 1),
(465, '2020-08-17', 2, 16, 1),
(466, '2020-08-17', 2, 18, 1),
(467, '2020-08-17', 2, 19, 1),
(468, '2020-08-17', 8, 20, 1),
(469, '2020-08-17', 8, 21, 1),
(470, '2020-08-17', 8, 23, 1),
(471, '2020-08-17', 8, 25, 1),
(472, '2020-08-18', 2, 3, 1),
(473, '2020-08-18', 2, 4, 1),
(474, '2020-08-18', 2, 5, 1),
(475, '2020-08-18', 2, 6, 1),
(476, '2020-08-18', 2, 8, 1),
(477, '2020-08-18', 2, 9, 1),
(478, '2020-08-18', 8, 12, 1),
(479, '2020-08-18', 8, 15, 1),
(480, '2020-08-18', 2, 16, 1),
(481, '2020-08-18', 2, 17, 1),
(482, '2020-08-18', 2, 18, 1),
(483, '2020-08-18', 4, 20, 1),
(484, '2020-08-18', 2, 23, 1),
(485, '2020-08-18', 8, 25, 1),
(486, '2020-08-19', 2, 3, 1),
(487, '2020-08-19', 2, 4, 1),
(488, '2020-08-19', 2, 5, 1),
(489, '2020-08-19', 2, 8, 1),
(490, '2020-08-19', 2, 9, 1),
(491, '2020-08-19', 8, 12, 1),
(492, '2020-08-19', 8, 15, 1),
(493, '2020-08-19', 2, 16, 1),
(494, '2020-08-19', 2, 17, 1),
(495, '2020-08-19', 2, 18, 1),
(496, '2020-08-19', 2, 19, 1),
(497, '2020-08-19', 2, 20, 1),
(498, '2020-08-19', 2, 21, 1),
(499, '2020-08-19', 2, 22, 1),
(500, '2020-08-19', 2, 23, 1),
(501, '2020-08-19', 8, 25, 1),
(502, '2020-08-20', 2, 3, 1),
(503, '2020-08-20', 2, 5, 1),
(504, '2020-08-20', 8, 6, 1),
(505, '2020-08-20', 8, 9, 1),
(506, '2020-08-20', 2, 10, 1),
(507, '2020-08-20', 8, 12, 1),
(508, '2020-08-20', 8, 14, 1),
(509, '2020-08-20', 8, 15, 1),
(510, '2020-08-20', 8, 21, 1),
(511, '2020-08-20', 8, 23, 1),
(512, '2020-08-20', 8, 24, 1),
(513, '2020-08-20', 8, 25, 1);

-- --------------------------------------------------------

--
-- Structure de la table `enseignants`
--

CREATE TABLE `enseignants` (
  `id_pers` int(11) NOT NULL
) ENGINE=InnoDB DEFAULT CHARSET=utf8mb4;

--
-- Déchargement des données de la table `enseignants`
--

INSERT INTO `enseignants` (`id_pers`) VALUES
(26),
(27),
(28),
(29),
(30),
(31),
(32),
(33),
(34),
(35),
(36);

-- --------------------------------------------------------

--
-- Structure de la table `etudiants`
--

CREATE TABLE `etudiants` (
  `niveau` varchar(50) NOT NULL,
  `matricule` varchar(15) NOT NULL,
  `id_pers` int(11) NOT NULL,
  `est_delegue` tinyint(1) NOT NULL DEFAULT 0
) ENGINE=InnoDB DEFAULT CHARSET=utf8mb4;

--
-- Déchargement des données de la table `etudiants`
--

INSERT INTO `etudiants` (`niveau`, `matricule`, `id_pers`, `est_delegue`) VALUES
('L1', '13060219032', 1, 0),
('L1', '13060219030', 2, 1),
('L1', '13060219031', 3, 0),
('L1', '13060219033', 4, 0),
('L1', '13060219034', 5, 0),
('L1', '13060219035', 6, 0),
('L1', '13060219036', 7, 0),
('L1', '13060219037', 8, 0),
('L1', '13060219038', 9, 0),
('L1', '13060219039', 10, 0),
('L1', '13060219002', 11, 0),
('L1', '13060219012', 12, 0),
('L1', '13060219022', 13, 0),
('L2', '13060219042', 14, 1),
('L2', '13060219052', 15, 0),
('L2', '13060219062', 16, 0),
('L2', '13060219072', 17, 0),
('L2', '13060219082', 18, 0),
('L2', '13060219092', 19, 0),
('L2', '13060219162', 20, 0),
('L2', '13060219262', 21, 0),
('L2', '13060219362', 22, 0),
('L2', '13060219462', 23, 0),
('L2', '13060219562', 24, 0),
('L2', '13060219662', 25, 0),
('L3 ME', '13160219662', 43, 1),
('L3 IO', '13260219662', 44, 1),
('M1 ACT', '13360219662', 45, 1),
('M1 INF', '13460219662', 46, 1),
('M1 SI', '13560219662', 47, 1),
('M1 SBD', '13660219662', 48, 1),
('M2 ACT', '13760219662', 49, 1),
('M2 INF', '13860219662', 50, 1),
('M2 SI', '13960219662', 51, 1),
('M2 SBD', '13010219662', 52, 1);

-- --------------------------------------------------------

--
-- Structure de la table `instants`
--

CREATE TABLE `instants` (
  `id_ins` int(11) NOT NULL,
  `date_jour` date NOT NULL,
  `heure_arrivee` time NOT NULL,
  `heure_depart` time DEFAULT NULL,
  `id_pers` int(11) NOT NULL
) ENGINE=InnoDB DEFAULT CHARSET=utf8mb4;

--
-- Déchargement des données de la table `instants`
--

INSERT INTO `instants` (`id_ins`, `date_jour`, `heure_arrivee`, `heure_depart`, `id_pers`) VALUES
(1, '2020-02-24', '06:30:08', '17:00:00', 41),
(2, '2020-02-24', '06:48:25', '17:00:00', 38),
(3, '2020-02-24', '07:04:21', '17:00:00', 7),
(4, '2020-02-24', '07:06:24', '17:00:00', 2),
(5, '2020-02-24', '07:10:08', '17:00:00', 40),
(6, '2020-02-24', '07:10:24', '17:00:00', 20),
(7, '2020-02-24', '07:15:02', '17:00:00', 39),
(8, '2020-02-24', '07:15:44', '17:00:00', 13),
(9, '2020-02-24', '07:17:22', '17:00:00', 1),
(10, '2020-02-24', '07:22:14', '17:00:00', 16),
(11, '2020-02-24', '07:25:25', '17:00:00', 4),
(12, '2020-02-24', '07:29:14', '17:00:00', 14),
(13, '2020-02-24', '07:31:24', '17:00:00', 10),
(14, '2020-02-24', '07:34:00', '17:00:00', 25),
(15, '2020-02-24', '07:35:21', '17:00:00', 8),
(16, '2020-02-24', '07:35:22', '17:00:00', 11),
(17, '2020-02-24', '07:40:11', '17:00:00', 3),
(18, '2020-02-24', '07:42:51', '17:00:00', 17),
(19, '2020-02-24', '07:42:53', '17:00:00', 24),
(20, '2020-02-24', '07:42:55', '17:00:00', 22),
(21, '2020-02-24', '07:43:25', '17:00:00', 9),
(22, '2020-02-24', '07:44:12', '17:00:00', 18),
(23, '2020-02-24', '07:46:58', '17:00:00', 21),
(24, '2020-02-24', '08:15:24', '17:00:00', 19),
(25, '2020-02-24', '12:43:25', '17:00:00', 5),
(26, '2020-02-25', '06:30:21', '17:00:00', 41),
(27, '2020-02-25', '06:44:44', '17:00:00', 39),
(28, '2020-02-25', '07:04:04', '17:00:00', 7),
(29, '2020-02-25', '07:05:14', '17:00:00', 13),
(30, '2020-02-25', '07:14:14', '17:00:00', 4),
(31, '2020-02-25', '07:15:29', '17:00:00', 40),
(32, '2020-02-25', '07:15:59', '17:00:00', 38),
(33, '2020-02-25', '07:17:05', '17:00:00', 1),
(34, '2020-02-25', '07:22:05', '17:00:00', 14),
(35, '2020-02-25', '07:22:15', '17:00:00', 2),
(36, '2020-02-25', '07:24:25', '17:00:00', 10),
(37, '2020-02-25', '07:30:14', '17:00:00', 3),
(38, '2020-02-25', '07:31:31', '17:00:00', 24),
(39, '2020-02-25', '07:33:14', '17:00:00', 22),
(40, '2020-02-25', '07:33:22', '17:00:00', 16),
(41, '2020-02-25', '07:33:34', '17:00:00', 17),
(42, '2020-02-25', '07:33:44', '17:00:00', 20),
(43, '2020-02-25', '07:33:49', '17:00:00', 25),
(44, '2020-02-25', '07:35:07', '17:00:00', 9),
(45, '2020-02-25', '07:40:11', '17:00:00', 5),
(46, '2020-02-25', '07:40:14', '17:00:00', 8),
(47, '2020-02-25', '07:42:42', '17:00:00', 18),
(48, '2020-02-25', '07:44:15', '17:00:00', 11),
(49, '2020-02-25', '07:44:25', '17:00:00', 19),
(50, '2020-02-26', '06:30:15', '17:00:00', 39),
(51, '2020-02-26', '06:50:24', '17:00:00', 41),
(52, '2020-02-26', '07:00:00', '17:00:00', 2),
(53, '2020-02-26', '07:00:09', '17:00:00', 40),
(54, '2020-02-26', '07:05:24', '17:00:00', 38),
(55, '2020-02-26', '07:10:00', '17:00:00', 21),
(56, '2020-02-26', '07:11:12', '17:00:00', 7),
(57, '2020-02-26', '07:20:10', '17:00:00', 13),
(58, '2020-02-26', '07:25:25', '17:00:00', 1),
(59, '2020-02-26', '07:28:21', '17:00:00', 10),
(60, '2020-02-26', '07:30:24', '17:00:00', 4),
(61, '2020-02-26', '07:31:00', '17:00:00', 8),
(62, '2020-02-26', '07:32:54', '17:00:00', 18),
(63, '2020-02-26', '07:35:59', '17:00:00', 19),
(64, '2020-02-26', '07:37:59', '17:00:00', 17),
(65, '2020-02-26', '07:38:24', '17:00:00', 20),
(66, '2020-02-26', '07:40:55', '17:00:00', 3),
(67, '2020-02-26', '07:41:58', '17:00:00', 25),
(68, '2020-02-26', '07:51:48', '17:00:00', 22),
(69, '2020-02-26', '07:51:55', '17:00:00', 14),
(70, '2020-02-26', '07:51:58', '17:00:00', 9),
(71, '2020-02-26', '07:51:59', '17:00:00', 23),
(72, '2020-02-26', '07:52:57', '17:00:00', 11),
(73, '2020-02-26', '07:54:25', '17:00:00', 16),
(74, '2020-02-26', '07:55:29', '17:00:00', 24),
(75, '2020-02-27', '06:30:30', '17:00:00', 41),
(76, '2020-02-27', '06:48:24', '17:00:00', 40),
(77, '2020-02-27', '07:05:58', '17:00:00', 7),
(78, '2020-02-27', '07:06:09', '17:00:00', 2),
(79, '2020-02-27', '07:10:01', '17:00:00', 39),
(80, '2020-02-27', '07:10:59', '17:00:00', 14),
(81, '2020-02-27', '07:15:24', '17:00:00', 38),
(82, '2020-02-27', '07:20:15', '17:00:00', 20),
(83, '2020-02-27', '07:21:52', '17:00:00', 13),
(84, '2020-02-27', '07:26:14', '17:00:00', 1),
(85, '2020-02-27', '07:27:09', '17:00:00', 21),
(86, '2020-02-27', '07:28:30', '17:00:00', 19),
(87, '2020-02-27', '07:30:24', '17:00:00', 22),
(88, '2020-02-27', '07:30:24', '17:00:00', 24),
(89, '2020-02-27', '07:30:30', '17:00:00', 10),
(90, '2020-02-27', '07:31:24', '17:00:00', 4),
(91, '2020-02-27', '07:31:28', '17:00:00', 18),
(92, '2020-02-27', '07:34:00', '17:00:00', 25),
(93, '2020-02-27', '07:34:12', '17:00:00', 3),
(94, '2020-02-27', '07:34:57', '17:00:00', 17),
(95, '2020-02-27', '07:38:25', '17:00:00', 9),
(96, '2020-02-27', '07:43:21', '17:00:00', 11),
(97, '2020-02-27', '07:43:45', '17:00:00', 8),
(98, '2020-02-27', '07:44:24', '17:00:00', 15),
(99, '2020-02-27', '07:44:50', '17:00:00', 6),
(100, '2020-02-27', '07:44:51', '17:00:00', 5),
(101, '2020-02-27', '07:48:24', '17:00:00', 16),
(102, '2020-02-27', '07:54:00', '17:00:00', 23),
(103, '2020-02-28', '06:37:15', '17:00:00', 41),
(104, '2020-02-28', '06:50:24', '17:00:00', 40),
(105, '2020-02-28', '07:00:25', '17:00:00', 2),
(106, '2020-02-28', '07:05:14', '17:00:00', 7),
(107, '2020-02-28', '07:18:11', '17:00:00', 13),
(108, '2020-02-28', '07:20:14', '17:00:00', 3),
(109, '2020-02-28', '07:20:21', '17:00:00', 22),
(110, '2020-02-28', '07:20:42', '17:00:00', 20),
(111, '2020-02-28', '07:22:14', '17:00:00', 1),
(112, '2020-02-28', '07:22:54', '17:00:00', 39),
(113, '2020-02-28', '07:22:57', '17:00:00', 14),
(114, '2020-02-28', '07:24:14', '17:00:00', 38),
(115, '2020-02-28', '07:33:25', '17:00:00', 10),
(116, '2020-02-28', '07:35:24', '17:00:00', 6),
(117, '2020-02-28', '07:36:09', '17:00:00', 4),
(118, '2020-02-28', '07:36:24', '17:00:00', 21),
(119, '2020-02-28', '07:36:58', '17:00:00', 9),
(120, '2020-02-28', '07:40:14', '17:00:00', 17),
(121, '2020-02-28', '07:40:15', '17:00:00', 18),
(122, '2020-02-28', '07:40:29', '17:00:00', 25),
(123, '2020-02-28', '07:40:34', '17:00:00', 24),
(124, '2020-02-28', '07:41:39', '17:00:00', 11),
(125, '2020-02-28', '07:44:24', '17:00:00', 5),
(126, '2020-02-28', '07:44:58', '17:00:00', 8),
(127, '2020-02-28', '07:45:45', '17:00:00', 16),
(128, '2020-02-29', '06:30:08', '17:00:00', 41),
(129, '2020-02-29', '06:48:25', '17:00:00', 38),
(130, '2020-02-29', '07:10:08', '17:00:00', 40),
(131, '2020-02-29', '07:15:02', '17:00:00', 39),
(132, '2020-02-29', '07:35:24', '17:00:00', 2),
(133, '2020-02-29', '07:59:04', '17:00:00', 5),
(134, '2020-02-29', '08:20:02', '17:00:00', 11),
(135, '2020-02-29', '09:00:07', '17:00:00', 22),
(136, '2020-02-29', '09:38:00', '17:00:00', 13),
(137, '2020-02-29', '09:50:24', '17:00:00', 11),
(138, '2020-02-29', '10:30:25', '17:00:00', 20),
(139, '2020-02-29', '12:04:12', '17:00:00', 7),
(140, '2020-03-02', '06:30:21', '17:00:00', 41),
(141, '2020-03-02', '06:44:44', '17:00:00', 39),
(142, '2020-03-02', '07:00:00', '17:00:00', 2),
(143, '2020-03-02', '07:10:00', '17:00:00', 7),
(144, '2020-03-02', '07:11:12', '17:00:00', 14),
(145, '2020-03-02', '07:15:29', '17:00:00', 40),
(146, '2020-03-02', '07:15:59', '17:00:00', 38),
(147, '2020-03-02', '07:20:10', '17:00:00', 20),
(148, '2020-03-02', '07:25:25', '17:00:00', 13),
(149, '2020-03-02', '07:28:21', '17:00:00', 1),
(150, '2020-03-02', '07:30:24', '17:00:00', 21),
(151, '2020-03-02', '07:31:00', '17:00:00', 22),
(152, '2020-03-02', '07:32:54', '17:00:00', 24),
(153, '2020-03-02', '07:35:59', '17:00:00', 4),
(154, '2020-03-02', '07:37:59', '17:00:00', 3),
(155, '2020-03-02', '07:38:24', '17:00:00', 19),
(156, '2020-03-02', '07:40:55', '17:00:00', 10),
(157, '2020-03-02', '07:41:58', '17:00:00', 18),
(158, '2020-03-02', '07:51:48', '17:00:00', 17),
(159, '2020-03-02', '07:51:55', '17:00:00', 25),
(160, '2020-03-02', '07:51:58', '17:00:00', 9),
(161, '2020-03-02', '07:51:59', '17:00:00', 11),
(162, '2020-03-02', '07:52:57', '17:00:00', 8),
(163, '2020-03-02', '07:54:25', '17:00:00', 15),
(164, '2020-03-02', '07:55:29', '17:00:00', 6),
(165, '2020-03-03', '06:30:15', '17:00:00', 39),
(166, '2020-03-03', '06:50:24', '17:00:00', 41),
(167, '2020-03-03', '07:00:09', '17:00:00', 40),
(168, '2020-03-03', '07:04:04', '17:00:00', 5),
(169, '2020-03-03', '07:05:14', '17:00:00', 6),
(170, '2020-03-03', '07:05:24', '17:00:00', 38),
(171, '2020-03-03', '07:10:24', '17:00:00', 2),
(172, '2020-03-03', '07:15:44', '17:00:00', 7),
(173, '2020-03-03', '07:17:22', '17:00:00', 14),
(174, '2020-03-03', '07:22:14', '17:00:00', 20),
(175, '2020-03-03', '07:25:25', '17:00:00', 13),
(176, '2020-03-03', '07:29:14', '17:00:00', 1),
(177, '2020-03-03', '07:31:24', '17:00:00', 21),
(178, '2020-03-03', '07:34:00', '17:00:00', 22),
(179, '2020-03-03', '07:35:21', '17:00:00', 24),
(180, '2020-03-03', '07:35:22', '17:00:00', 4),
(181, '2020-03-03', '07:40:11', '17:00:00', 3),
(182, '2020-03-03', '07:42:51', '17:00:00', 19),
(183, '2020-03-03', '07:42:53', '17:00:00', 10),
(184, '2020-03-03', '07:42:55', '17:00:00', 18),
(185, '2020-03-03', '07:43:25', '17:00:00', 17),
(186, '2020-03-03', '07:44:12', '17:00:00', 25),
(187, '2020-03-03', '07:46:58', '17:00:00', 9),
(188, '2020-03-03', '08:15:24', '17:00:00', 11),
(189, '2020-03-03', '12:43:25', '17:00:00', 8),
(190, '2020-03-04', '06:30:30', '17:00:00', 41),
(191, '2020-03-04', '06:48:24', '17:00:00', 40),
(192, '2020-03-04', '07:10:01', '17:00:00', 39),
(193, '2020-03-04', '07:15:24', '17:00:00', 38),
(194, '2020-03-04', '07:27:21', '17:00:00', 4),
(195, '2020-03-04', '07:27:30', '17:00:00', 11),
(196, '2020-03-04', '07:27:54', '17:00:00', 6),
(197, '2020-03-04', '07:30:01', '17:00:00', 13),
(198, '2020-03-04', '07:45:21', '17:00:00', 10),
(199, '2020-03-04', '07:47:28', '17:00:00', 22),
(200, '2020-03-04', '07:47:59', '17:00:00', 1),
(201, '2020-03-04', '07:50:09', '17:00:00', 7),
(202, '2020-03-04', '07:50:24', '17:00:00', 20),
(203, '2020-03-04', '07:51:21', '17:00:00', 24),
(204, '2020-03-04', '07:52:31', '17:00:00', 8),
(205, '2020-03-04', '07:52:59', '17:00:00', 2),
(206, '2020-03-04', '07:54:58', '17:00:00', 14),
(207, '2020-03-04', '07:55:44', '17:00:00', 18),
(208, '2020-03-04', '07:56:42', '17:00:00', 9),
(209, '2020-03-04', '07:56:59', '17:00:00', 5),
(210, '2020-03-04', '08:12:09', '17:00:00', 3),
(211, '2020-03-04', '08:12:54', '17:00:00', 25),
(212, '2020-03-04', '08:13:24', '17:00:00', 19),
(213, '2020-03-05', '06:37:15', '17:00:00', 41),
(214, '2020-03-05', '06:50:24', '17:00:00', 40),
(215, '2020-03-05', '07:05:58', '17:00:00', 7),
(216, '2020-03-05', '07:06:09', '17:00:00', 2),
(217, '2020-03-05', '07:10:59', '17:00:00', 13),
(218, '2020-03-05', '07:20:15', '17:00:00', 3),
(219, '2020-03-05', '07:21:52', '17:00:00', 22),
(220, '2020-03-05', '07:22:54', '17:00:00', 39),
(221, '2020-03-05', '07:24:14', '17:00:00', 38),
(222, '2020-03-05', '07:26:14', '17:00:00', 20),
(223, '2020-03-05', '07:27:09', '17:00:00', 1),
(224, '2020-03-05', '07:28:30', '17:00:00', 21),
(225, '2020-03-05', '07:30:24', '17:00:00', 14),
(226, '2020-03-05', '07:30:24', '17:00:00', 10),
(227, '2020-03-05', '07:30:30', '17:00:00', 9),
(228, '2020-03-05', '07:31:24', '17:00:00', 6),
(229, '2020-03-05', '07:31:28', '17:00:00', 17),
(230, '2020-03-05', '07:34:00', '17:00:00', 25),
(231, '2020-03-05', '07:34:12', '17:00:00', 4),
(232, '2020-03-05', '07:34:57', '17:00:00', 18),
(233, '2020-03-05', '07:38:25', '17:00:00', 24),
(234, '2020-03-05', '07:43:21', '17:00:00', 11),
(235, '2020-03-05', '07:43:45', '17:00:00', 5),
(236, '2020-03-05', '07:44:24', '17:00:00', 8),
(237, '2020-03-05', '07:44:50', '17:00:00', 16),
(238, '2020-03-06', '06:40:12', '17:00:00', 38),
(239, '2020-03-06', '06:48:57', '17:00:00', 41),
(240, '2020-03-06', '06:50:00', '17:00:00', 20),
(241, '2020-03-06', '06:50:00', '17:00:00', 39),
(242, '2020-03-06', '06:52:02', '17:00:00', 25),
(243, '2020-03-06', '07:02:04', '17:00:00', 15),
(244, '2020-03-06', '07:02:09', '17:00:00', 14),
(245, '2020-03-06', '07:03:24', '17:00:00', 13),
(246, '2020-03-06', '07:05:14', '17:00:00', 7),
(247, '2020-03-06', '07:05:24', '17:00:00', 18),
(248, '2020-03-06', '07:06:35', '17:00:00', 6),
(249, '2020-03-06', '07:15:29', '17:00:00', 22),
(250, '2020-03-06', '07:16:00', '17:00:00', 40),
(251, '2020-03-06', '07:16:55', '17:00:00', 24),
(252, '2020-03-06', '07:20:20', '17:00:00', 2),
(253, '2020-03-06', '07:24:57', '17:00:00', 4),
(254, '2020-03-06', '07:25:04', '17:00:00', 3),
(255, '2020-03-06', '07:25:54', '17:00:00', 10),
(256, '2020-03-06', '07:39:24', '17:00:00', 9),
(257, '2020-03-06', '07:41:00', '17:00:00', 19),
(258, '2020-03-06', '07:43:15', '17:00:00', 11),
(259, '2020-03-06', '07:43:24', '17:00:00', 1),
(260, '2020-03-06', '07:45:09', '17:00:00', 5),
(261, '2020-03-06', '07:45:18', '17:00:00', 8),
(262, '2020-03-06', '07:45:45', '17:00:00', 17),
(263, '2020-03-06', '07:46:46', '17:00:00', 16),
(264, '2020-03-06', '07:55:24', '17:00:00', 23),
(265, '2020-03-07', '06:50:00', '17:00:00', 41),
(266, '2020-03-07', '06:52:02', '17:00:00', 38),
(267, '2020-03-07', '07:02:04', '17:00:00', 39),
(268, '2020-03-07', '07:02:09', '17:00:00', 40),
(269, '2020-03-07', '07:40:20', '17:00:00', 2),
(270, '2020-03-07', '08:00:20', '17:00:00', 21),
(271, '2020-03-07', '08:10:10', '17:00:00', 10),
(272, '2020-03-07', '08:50:24', '17:00:00', 13),
(273, '2020-03-07', '09:02:02', '17:00:00', 6),
(274, '2020-03-07', '09:49:57', '17:00:00', 5),
(275, '2020-03-07', '10:53:24', '17:00:00', 20),
(276, '2020-03-09', '07:03:24', '17:00:00', 39),
(277, '2020-03-09', '07:05:14', '17:00:00', 40),
(278, '2020-03-09', '07:05:24', '17:00:00', 41),
(279, '2020-03-09', '07:06:35', '17:00:00', 38),
(280, '2020-03-09', '07:12:24', '17:00:00', 13),
(281, '2020-03-09', '07:20:15', '17:00:00', 20),
(282, '2020-03-09', '07:20:20', '17:00:00', 24),
(283, '2020-03-09', '07:22:28', '17:00:00', 7),
(284, '2020-03-09', '07:24:00', '17:00:00', 18),
(285, '2020-03-09', '07:24:08', '17:00:00', 15),
(286, '2020-03-09', '07:24:24', '17:00:00', 14),
(287, '2020-03-09', '07:25:25', '17:00:00', 3),
(288, '2020-03-09', '07:26:20', '17:00:00', 1),
(289, '2020-03-09', '07:26:24', '17:00:00', 8),
(290, '2020-03-09', '07:39:27', '17:00:00', 10),
(291, '2020-03-09', '07:39:59', '17:00:00', 2),
(292, '2020-03-09', '07:41:41', '17:00:00', 17),
(293, '2020-03-09', '07:43:24', '17:00:00', 6),
(294, '2020-03-09', '07:44:24', '17:00:00', 22),
(295, '2020-03-09', '07:44:44', '17:00:00', 11),
(296, '2020-03-09', '07:44:54', '17:00:00', 19),
(297, '2020-03-09', '07:45:24', '17:00:00', 5),
(298, '2020-03-09', '07:45:24', '17:00:00', 9),
(299, '2020-03-09', '07:53:53', '17:00:00', 16),
(300, '2020-03-09', '08:04:04', '17:00:00', 4),
(301, '2020-03-10', '06:30:08', '17:00:00', 41),
(302, '2020-03-10', '06:48:25', '17:00:00', 40),
(303, '2020-03-10', '07:10:08', '17:00:00', 39),
(304, '2020-03-10', '07:12:24', '17:00:00', 4),
(305, '2020-03-10', '07:15:02', '17:00:00', 38),
(306, '2020-03-10', '07:20:15', '17:00:00', 11),
(307, '2020-03-10', '07:20:20', '17:00:00', 6),
(308, '2020-03-10', '07:22:28', '17:00:00', 13),
(309, '2020-03-10', '07:24:00', '17:00:00', 10),
(310, '2020-03-10', '07:24:08', '17:00:00', 22),
(311, '2020-03-10', '07:24:24', '17:00:00', 1),
(312, '2020-03-10', '07:25:25', '17:00:00', 7),
(313, '2020-03-10', '07:26:20', '17:00:00', 20),
(314, '2020-03-10', '07:26:24', '17:00:00', 24),
(315, '2020-03-10', '07:39:27', '17:00:00', 2),
(316, '2020-03-10', '07:39:59', '17:00:00', 8),
(317, '2020-03-10', '07:41:41', '17:00:00', 14),
(318, '2020-03-10', '07:43:24', '17:00:00', 18),
(319, '2020-03-10', '07:44:24', '17:00:00', 5),
(320, '2020-03-10', '07:44:44', '17:00:00', 9),
(321, '2020-03-10', '07:44:54', '17:00:00', 3),
(322, '2020-03-10', '07:45:24', '17:00:00', 25),
(323, '2020-03-10', '07:45:24', '17:00:00', 19),
(324, '2020-03-11', '06:30:21', '17:00:00', 41),
(325, '2020-03-11', '06:44:44', '17:00:00', 40),
(326, '2020-03-11', '07:00:25', '17:00:00', 2),
(327, '2020-03-11', '07:05:14', '17:00:00', 7),
(328, '2020-03-11', '07:15:29', '17:00:00', 39),
(329, '2020-03-11', '07:15:59', '17:00:00', 38),
(330, '2020-03-11', '07:18:11', '17:00:00', 14),
(331, '2020-03-11', '07:20:14', '17:00:00', 20),
(332, '2020-03-11', '07:20:21', '17:00:00', 13),
(333, '2020-03-11', '07:20:42', '17:00:00', 1),
(334, '2020-03-11', '07:22:14', '17:00:00', 21),
(335, '2020-03-11', '07:22:57', '17:00:00', 22),
(336, '2020-03-11', '07:33:25', '17:00:00', 24),
(337, '2020-03-11', '07:35:24', '17:00:00', 4),
(338, '2020-03-11', '07:36:09', '17:00:00', 3),
(339, '2020-03-11', '07:36:24', '17:00:00', 19),
(340, '2020-03-11', '07:36:58', '17:00:00', 10),
(341, '2020-03-11', '07:40:14', '17:00:00', 18),
(342, '2020-03-11', '07:40:15', '17:00:00', 17),
(343, '2020-03-11', '07:40:29', '17:00:00', 25),
(344, '2020-03-11', '07:40:34', '17:00:00', 9),
(345, '2020-03-11', '07:41:39', '17:00:00', 11),
(346, '2020-03-11', '07:44:24', '17:00:00', 8),
(347, '2020-03-11', '07:44:58', '17:00:00', 15),
(348, '2020-03-11', '07:45:45', '17:00:00', 6),
(349, '2020-03-12', '06:30:15', '17:00:00', 38),
(350, '2020-03-12', '06:50:00', '17:00:00', 2),
(351, '2020-03-12', '06:50:24', '17:00:00', 41),
(352, '2020-03-12', '06:52:02', '17:00:00', 7),
(353, '2020-03-12', '07:00:09', '17:00:00', 39),
(354, '2020-03-12', '07:02:04', '17:00:00', 14),
(355, '2020-03-12', '07:02:09', '17:00:00', 20),
(356, '2020-03-12', '07:03:24', '17:00:00', 13),
(357, '2020-03-12', '07:05:14', '17:00:00', 21),
(358, '2020-03-12', '07:05:24', '17:00:00', 1),
(359, '2020-03-12', '07:05:24', '17:00:00', 40),
(360, '2020-03-12', '07:06:35', '17:00:00', 22),
(361, '2020-03-12', '07:15:29', '17:00:00', 24),
(362, '2020-03-12', '07:16:55', '17:00:00', 4),
(363, '2020-03-12', '07:20:20', '17:00:00', 3),
(364, '2020-03-12', '07:24:57', '17:00:00', 19),
(365, '2020-03-12', '07:25:04', '17:00:00', 10),
(366, '2020-03-12', '07:25:54', '17:00:00', 18),
(367, '2020-03-12', '07:39:24', '17:00:00', 17),
(368, '2020-03-12', '07:41:00', '17:00:00', 25),
(369, '2020-03-12', '07:43:15', '17:00:00', 11),
(370, '2020-03-12', '07:43:24', '17:00:00', 9),
(371, '2020-03-12', '07:45:09', '17:00:00', 8),
(372, '2020-03-12', '07:45:18', '17:00:00', 15),
(373, '2020-03-12', '07:45:45', '17:00:00', 6),
(374, '2020-03-13', '06:30:30', '17:00:00', 41),
(375, '2020-03-13', '06:48:24', '17:00:00', 38),
(376, '2020-03-13', '07:00:00', '17:00:00', 2),
(377, '2020-03-13', '07:10:00', '17:00:00', 7),
(378, '2020-03-13', '07:10:01', '17:00:00', 39),
(379, '2020-03-13', '07:11:12', '17:00:00', 14),
(380, '2020-03-13', '07:15:24', '17:00:00', 40),
(381, '2020-03-13', '07:20:10', '17:00:00', 20),
(382, '2020-03-13', '07:25:25', '17:00:00', 13),
(383, '2020-03-13', '07:28:21', '17:00:00', 1),
(384, '2020-03-13', '07:30:24', '17:00:00', 21),
(385, '2020-03-13', '07:31:00', '17:00:00', 22),
(386, '2020-03-13', '07:32:54', '17:00:00', 24),
(387, '2020-03-13', '07:35:59', '17:00:00', 4),
(388, '2020-03-13', '07:37:59', '17:00:00', 3),
(389, '2020-03-13', '07:38:24', '17:00:00', 19),
(390, '2020-03-13', '07:40:55', '17:00:00', 10),
(391, '2020-03-13', '07:41:58', '17:00:00', 18),
(392, '2020-03-13', '07:51:48', '17:00:00', 17),
(393, '2020-03-13', '07:51:55', '17:00:00', 25),
(394, '2020-03-13', '07:51:58', '17:00:00', 9),
(395, '2020-03-13', '07:51:59', '17:00:00', 11),
(396, '2020-03-13', '07:52:57', '17:00:00', 8),
(397, '2020-03-13', '07:54:25', '17:00:00', 15),
(398, '2020-03-13', '07:55:29', '17:00:00', 6),
(399, '2020-03-14', '06:37:15', '17:00:00', 41),
(400, '2020-03-14', '06:50:24', '17:00:00', 39),
(401, '2020-03-14', '07:05:59', '17:00:00', 2),
(402, '2020-03-14', '07:22:54', '17:00:00', 40),
(403, '2020-03-14', '07:24:14', '17:00:00', 38),
(404, '2020-03-14', '08:05:09', '17:00:00', 12),
(405, '2020-03-14', '09:00:09', '17:00:00', 5),
(406, '2020-03-14', '11:39:54', '17:00:00', 17),
(407, '2020-03-16', '06:30:08', '17:00:00', 39),
(408, '2020-03-16', '06:48:25', '17:00:00', 41),
(409, '2020-03-16', '07:10:08', '17:00:00', 40),
(410, '2020-03-16', '07:12:24', '17:00:00', 20),
(411, '2020-03-16', '07:15:02', '17:00:00', 38),
(412, '2020-03-16', '07:20:15', '17:00:00', 13),
(413, '2020-03-16', '07:20:20', '17:00:00', 7),
(414, '2020-03-16', '07:22:28', '17:00:00', 21),
(415, '2020-03-16', '07:24:00', '17:00:00', 8),
(416, '2020-03-16', '07:24:08', '17:00:00', 10),
(417, '2020-03-16', '07:24:24', '17:00:00', 9),
(418, '2020-03-16', '07:25:25', '17:00:00', 2),
(419, '2020-03-16', '07:26:20', '17:00:00', 1),
(420, '2020-03-16', '07:26:24', '17:00:00', 14),
(421, '2020-03-16', '07:39:27', '17:00:00', 4),
(422, '2020-03-16', '07:39:59', '17:00:00', 22),
(423, '2020-03-16', '07:41:41', '17:00:00', 11),
(424, '2020-03-16', '07:43:24', '17:00:00', 5),
(425, '2020-03-16', '07:44:24', '17:00:00', 18),
(426, '2020-03-16', '07:44:44', '17:00:00', 23),
(427, '2020-03-16', '07:44:54', '17:00:00', 25),
(428, '2020-03-16', '07:45:24', '17:00:00', 3),
(429, '2020-03-16', '07:45:24', '17:00:00', 12),
(430, '2020-03-16', '07:53:53', '17:00:00', 17),
(431, '2020-03-16', '08:04:04', '17:00:00', 16),
(432, '2020-03-16', '08:04:56', '17:00:00', 6),
(433, '2020-03-16', '08:24:58', '17:00:00', 24),
(434, '2020-03-17', '06:30:21', '17:00:00', 41),
(435, '2020-03-17', '06:44:44', '17:00:00', 40),
(436, '2020-03-17', '07:12:24', '17:00:00', 20),
(437, '2020-03-17', '07:15:29', '17:00:00', 39),
(438, '2020-03-17', '07:15:59', '17:00:00', 38),
(439, '2020-03-17', '07:20:15', '17:00:00', 2),
(440, '2020-03-17', '07:20:20', '17:00:00', 7),
(441, '2020-03-17', '07:22:28', '17:00:00', 1),
(442, '2020-03-17', '07:24:00', '17:00:00', 13),
(443, '2020-03-17', '07:24:08', '17:00:00', 4),
(444, '2020-03-17', '07:24:24', '17:00:00', 3),
(445, '2020-03-17', '07:25:25', '17:00:00', 25),
(446, '2020-03-17', '07:26:20', '17:00:00', 11),
(447, '2020-03-17', '07:26:24', '17:00:00', 8),
(448, '2020-03-17', '07:39:27', '17:00:00', 15),
(449, '2020-03-17', '07:39:59', '17:00:00', 5),
(450, '2020-03-17', '07:41:41', '17:00:00', 14),
(451, '2020-03-17', '07:43:24', '17:00:00', 24),
(452, '2020-03-17', '07:44:24', '17:00:00', 17),
(453, '2020-03-17', '07:44:44', '17:00:00', 22),
(454, '2020-03-17', '07:44:54', '17:00:00', 18),
(455, '2020-03-17', '07:45:24', '17:00:00', 16),
(456, '2020-03-17', '07:45:24', '17:00:00', 21),
(457, '2020-07-20', '07:36:20', '17:00:00', 4),
(458, '2020-07-20', '07:41:22', '17:00:00', 2),
(459, '2020-07-20', '07:41:23', '17:00:00', 14),
(460, '2020-07-20', '07:53:00', '17:00:00', 5),
(461, '2020-07-20', '07:53:23', '17:00:00', 16),
(462, '2020-07-20', '07:55:12', '17:00:00', 6),
(463, '2020-07-20', '07:55:22', '17:00:00', 18),
(464, '2020-07-20', '07:56:00', '17:00:00', 17),
(465, '2020-07-20', '08:00:29', '17:00:00', 1),
(466, '2020-07-20', '08:00:34', '17:00:00', 19),
(467, '2020-07-20', '08:00:39', '17:00:00', 20),
(468, '2020-07-20', '08:00:44', '17:00:00', 22),
(469, '2020-07-20', '08:00:49', '17:00:00', 7),
(470, '2020-07-20', '08:00:54', '17:00:00', 25),
(471, '2020-07-20', '08:00:59', '17:00:00', 8),
(472, '2020-07-20', '08:22:52', '17:00:00', 9),
(473, '2020-07-20', '08:28:56', '17:00:00', 21),
(474, '2020-07-20', '11:05:23', '17:00:00', 3),
(475, '2020-07-21', '07:25:02', '17:00:00', 7),
(476, '2020-07-21', '07:30:00', '17:00:00', 5),
(477, '2020-07-21', '07:30:33', '17:00:00', 9),
(478, '2020-07-21', '07:30:36', '17:00:00', 3),
(479, '2020-07-21', '07:30:40', '17:00:00', 14),
(480, '2020-07-21', '07:30:50', '17:00:00', 10),
(481, '2020-07-21', '07:43:02', '17:00:00', 2),
(482, '2020-07-21', '07:43:09', '17:00:00', 19),
(483, '2020-07-21', '07:50:22', '17:00:00', 20),
(484, '2020-07-21', '07:50:30', '17:00:00', 1),
(485, '2020-07-21', '07:50:36', '17:00:00', 16),
(486, '2020-07-21', '07:50:40', '17:00:00', 8),
(487, '2020-07-21', '07:55:02', '17:00:00', 18),
(488, '2020-07-21', '07:55:03', '17:00:00', 12),
(489, '2020-07-21', '07:55:09', '17:00:00', 4),
(490, '2020-07-21', '07:55:23', '17:00:00', 22),
(491, '2020-07-21', '07:56:23', '17:00:00', 6),
(492, '2020-07-21', '08:14:00', '17:00:00', 11),
(493, '2020-07-21', '08:14:23', '17:00:00', 25),
(494, '2020-07-21', '08:17:00', '17:00:00', 17),
(495, '2020-07-21', '09:00:00', '17:00:00', 21),
(496, '2020-07-21', '11:00:32', '17:00:00', 23),
(497, '2020-07-22', '07:43:00', '17:00:00', 9),
(498, '2020-07-22', '07:46:00', '17:00:00', 17),
(499, '2020-07-22', '07:46:21', '17:00:00', 8),
(500, '2020-07-22', '07:46:30', '17:00:00', 23),
(501, '2020-07-22', '07:50:00', '17:00:00', 5),
(502, '2020-07-22', '07:50:20', '17:00:00', 4),
(503, '2020-07-22', '07:51:00', '17:00:00', 2),
(504, '2020-07-22', '07:52:06', '17:00:00', 18),
(505, '2020-07-22', '07:52:34', '17:00:00', 21),
(506, '2020-07-22', '07:55:00', '17:00:00', 22),
(507, '2020-07-22', '07:55:25', '17:00:00', 20),
(508, '2020-07-22', '07:56:20', '17:00:00', 7),
(509, '2020-07-22', '07:56:30', '17:00:00', 19),
(510, '2020-07-22', '07:56:40', '17:00:00', 14),
(511, '2020-07-22', '08:00:00', '17:00:00', 16),
(512, '2020-07-22', '08:02:00', '17:00:00', 1),
(513, '2020-07-22', '08:02:03', '17:00:00', 3),
(514, '2020-07-22', '08:02:09', '17:00:00', 6),
(515, '2020-07-22', '08:02:23', '17:00:00', 12),
(516, '2020-07-22', '08:30:00', '17:00:00', 10),
(517, '2020-07-22', '09:50:32', '17:00:00', 11),
(518, '2020-07-23', '07:13:00', '17:00:00', 7),
(519, '2020-07-23', '07:13:25', '17:00:00', 20),
(520, '2020-07-23', '07:14:21', '17:00:00', 2),
(521, '2020-07-23', '07:25:42', '17:00:00', 1),
(522, '2020-07-23', '07:50:00', '17:00:00', 25),
(523, '2020-07-23', '07:55:23', '17:00:00', 18),
(524, '2020-07-23', '08:00:25', '17:00:00', 5),
(525, '2020-07-23', '08:05:05', '17:00:00', 9),
(526, '2020-07-23', '08:05:26', '17:00:00', 16),
(527, '2020-07-23', '08:05:32', '17:00:00', 14),
(528, '2020-07-23', '08:05:39', '17:00:00', 4),
(529, '2020-07-23', '08:06:00', '17:00:00', 17),
(530, '2020-07-23', '08:06:00', '17:00:00', 22),
(531, '2020-07-23', '08:20:09', '17:00:00', 8),
(532, '2020-07-23', '08:29:00', '17:00:00', 21),
(533, '2020-07-23', '08:29:25', '17:00:00', 6),
(534, '2020-07-23', '08:30:00', '17:00:00', 12),
(535, '2020-07-23', '08:50:32', '17:00:00', 3),
(536, '2020-07-23', '08:55:00', '17:00:00', 10),
(537, '2020-07-23', '09:03:00', '17:00:00', 11),
(538, '2020-07-24', '07:32:00', '17:00:00', 2),
(539, '2020-07-24', '07:39:24', '17:00:00', 6),
(540, '2020-07-24', '07:41:00', '17:00:00', 1),
(541, '2020-07-24', '07:50:20', '17:00:00', 5),
(542, '2020-07-24', '07:55:53', '17:00:00', 4),
(543, '2020-07-24', '07:55:00', '17:00:00', 18),
(544, '2020-07-24', '07:55:55', '17:00:00', 11),
(545, '2020-07-24', '07:55:56', '17:00:00', 22),
(546, '2020-07-24', '07:55:58', '17:00:00', 20),
(547, '2020-07-24', '08:03:02', '17:00:00', 23),
(548, '2020-07-24', '08:03:25', '17:00:00', 14),
(549, '2020-07-24', '08:03:36', '17:00:00', 19),
(550, '2020-07-24', '08:03:56', '17:00:00', 9),
(551, '2020-07-24', '08:12:00', '17:00:00', 16),
(552, '2020-07-24', '08:13:25', '17:00:00', 7),
(553, '2020-07-24', '08:13:55', '17:00:00', 25),
(554, '2020-07-24', '08:25:23', '17:00:00', 3),
(555, '2020-07-24', '08:30:00', '17:00:00', 12),
(556, '2020-07-24', '08:32:40', '17:00:00', 17),
(557, '2020-07-24', '08:35:00', '17:00:00', 8),
(558, '2020-07-24', '08:50:46', '17:00:00', 10),
(559, '2020-07-24', '08:59:24', '17:00:00', 21),
(560, '2020-07-27', '07:17:00', '17:00:00', 14),
(561, '2020-07-27', '07:35:06', '17:00:00', 4),
(562, '2020-07-27', '07:35:25', '17:00:00', 2),
(563, '2020-07-27', '07:43:09', '17:00:00', 1),
(564, '2020-07-27', '07:50:00', '17:00:00', 18),
(565, '2020-07-27', '07:56:35', '17:00:00', 20),
(566, '2020-07-27', '07:56:56', '17:00:00', 17),
(567, '2020-07-27', '08:05:00', '17:00:00', 9),
(568, '2020-07-27', '08:08:08', '17:00:00', 6),
(569, '2020-07-27', '08:08:30', '17:00:00', 22),
(570, '2020-07-27', '08:20:02', '17:00:00', 8),
(571, '2020-07-27', '08:20:21', '17:00:00', 7),
(572, '2020-07-27', '08:20:25', '17:00:00', 21),
(573, '2020-07-27', '08:20:30', '17:00:00', 5),
(574, '2020-07-27', '08:20:42', '17:00:00', 25),
(575, '2020-07-27', '08:20:49', '17:00:00', 16),
(576, '2020-07-27', '08:21:23', '17:00:00', 23),
(577, '2020-07-27', '08:30:55', '17:00:00', 10),
(578, '2020-07-27', '09:03:00', '17:00:00', 2),
(579, '2020-07-27', '09:03:23', '17:00:00', 19),
(580, '2020-07-27', '09:30:00', '17:00:00', 11),
(581, '2020-07-28', '07:15:20', '17:00:00', 17),
(582, '2020-07-28', '07:20:00', '17:00:00', 7),
(583, '2020-07-28', '07:31:20', '17:00:00', 3),
(584, '2020-07-28', '07:36:23', '17:00:00', 20),
(585, '2020-07-28', '07:42:00', '17:00:00', 1),
(586, '2020-07-28', '07:42:12', '17:00:00', 22),
(587, '2020-07-28', '07:42:53', '17:00:00', 25),
(588, '2020-07-28', '07:58:23', '17:00:00', 2),
(589, '2020-07-28', '07:58:32', '17:00:00', 18),
(590, '2020-07-28', '08:05:00', '17:00:00', 21),
(591, '2020-07-28', '08:05:23', '17:00:00', 14),
(592, '2020-07-28', '08:15:23', '17:00:00', 8),
(593, '2020-07-28', '08:25:55', '17:00:00', 5),
(594, '2020-07-28', '08:27:00', '17:00:00', 4),
(595, '2020-07-28', '08:29:42', '17:00:00', 11),
(596, '2020-07-28', '08:29:56', '17:00:00', 6),
(597, '2020-07-28', '08:30:25', '17:00:00', 9),
(598, '2020-07-28', '08:35:55', '17:00:00', 10),
(599, '2020-07-28', '08:44:21', '17:00:00', 16),
(600, '2020-07-28', '08:45:45', '17:00:00', 23),
(601, '2020-07-28', '08:45:55', '17:00:00', 19),
(602, '2020-07-28', '14:45:00', '17:00:00', 15),
(603, '2020-07-29', '07:38:00', '17:00:00', 4),
(604, '2020-07-29', '07:39:22', '17:00:00', 2),
(605, '2020-07-29', '07:42:00', '17:00:00', 1),
(606, '2020-07-29', '08:02:23', '17:00:00', 14),
(607, '2020-07-29', '08:02:42', '17:00:00', 22),
(608, '2020-07-29', '08:13:25', '17:00:00', 21),
(609, '2020-07-29', '08:13:42', '17:00:00', 25),
(610, '2020-07-29', '08:13:59', '17:00:00', 18),
(611, '2020-07-29', '08:17:09', '17:00:00', 17),
(612, '2020-07-29', '08:17:29', '17:00:00', 8),
(613, '2020-07-29', '08:17:51', '17:00:00', 3),
(614, '2020-07-29', '08:27:45', '17:00:00', 5),
(615, '2020-07-29', '08:30:00', '17:00:00', 9),
(616, '2020-07-29', '08:35:24', '17:00:00', 16),
(617, '2020-07-29', '08:40:21', '17:00:00', 6),
(618, '2020-07-29', '08:41:56', '17:00:00', 11),
(619, '2020-07-29', '08:50:12', '17:00:00', 10),
(620, '2020-07-29', '08:50:52', '17:00:00', 19),
(621, '2020-07-29', '09:00:00', '17:00:00', 20),
(622, '2020-07-30', '07:30:00', '17:00:00', 14),
(623, '2020-07-30', '07:43:25', '17:00:00', 6),
(624, '2020-07-30', '07:44:56', '17:00:00', 4),
(625, '2020-07-30', '07:47:22', '17:00:00', 2),
(626, '2020-07-30', '07:49:33', '17:00:00', 20),
(627, '2020-07-30', '07:58:00', '17:00:00', 1),
(628, '2020-07-30', '07:58:23', '17:00:00', 22),
(629, '2020-07-30', '08:00:00', '17:00:00', 21),
(630, '2020-07-30', '08:09:02', '17:00:00', 18),
(631, '2020-07-30', '08:13:23', '17:00:00', 3),
(632, '2020-07-30', '08:20:22', '17:00:00', 17),
(633, '2020-07-30', '08:28:00', '17:00:00', 23),
(634, '2020-07-30', '08:30:26', '17:00:00', 15),
(635, '2020-07-30', '08:30:56', '17:00:00', 19),
(636, '2020-07-30', '08:40:25', '17:00:00', 5),
(637, '2020-07-30', '08:40:55', '17:00:00', 9),
(638, '2020-07-30', '08:44:23', '17:00:00', 10),
(639, '2020-07-30', '08:44:45', '17:00:00', 8),
(640, '2020-07-30', '08:46:00', '17:00:00', 16),
(641, '2020-07-31', '07:20:00', '17:00:00', 22),
(642, '2020-07-31', '07:53:25', '17:00:00', 16),
(643, '2020-07-31', '07:53:29', '17:00:00', 20),
(644, '2020-07-31', '07:55:20', '17:00:00', 18),
(645, '2020-07-31', '07:56:23', '17:00:00', 17),
(646, '2020-07-31', '07:56:33', '17:00:00', 25),
(647, '2020-07-31', '07:58:55', '17:00:00', 21),
(648, '2020-07-31', '08:16:20', '17:00:00', 23),
(649, '2020-07-31', '08:17:00', '17:00:00', 14),
(650, '2020-07-31', '08:54:21', '17:00:00', 11),
(651, '2020-08-03', '07:35:00', '17:00:00', 2),
(652, '2020-08-03', '07:39:23', '17:00:00', 4),
(653, '2020-08-03', '07:45:00', '17:00:00', 6),
(654, '2020-08-03', '07:45:23', '17:00:00', 24),
(655, '2020-08-03', '07:46:41', '17:00:00', 20),
(656, '2020-08-03', '07:46:52', '17:00:00', 22),
(657, '2020-08-03', '07:50:00', '17:00:00', 9),
(658, '2020-08-03', '07:50:23', '17:00:00', 10),
(659, '2020-08-03', '07:50:25', '17:00:00', 13),
(660, '2020-08-03', '08:05:25', '17:00:00', 5),
(661, '2020-08-03', '08:10:23', '17:00:00', 1),
(662, '2020-08-03', '08:11:22', '17:00:00', 3),
(663, '2020-08-03', '08:19:24', '17:00:00', 17),
(664, '2020-08-03', '08:20:02', '17:00:00', 8),
(665, '2020-08-03', '08:20:56', '17:00:00', 16),
(666, '2020-08-03', '08:25:21', '17:00:00', 7),
(667, '2020-08-03', '09:30:25', '17:00:00', 11),
(668, '2020-08-03', '15:33:20', '17:00:00', 25),
(669, '2020-08-04', '07:08:00', '17:00:00', 7),
(670, '2020-08-04', '07:34:21', '17:00:00', 14),
(671, '2020-08-04', '07:39:52', '17:00:00', 4),
(672, '2020-08-04', '07:50:21', '17:00:00', 13),
(673, '2020-08-04', '07:50:24', '17:00:00', 5),
(674, '2020-08-04', '07:53:22', '17:00:00', 18),
(675, '2020-08-04', '07:53:36', '17:00:00', 2),
(676, '2020-08-04', '07:53:00', '17:00:00', 20),
(677, '2020-08-04', '07:53:56', '17:00:00', 10),
(678, '2020-08-04', '07:56:23', '17:00:00', 1),
(679, '2020-08-04', '07:58:21', '17:00:00', 24),
(680, '2020-08-04', '07:58:32', '17:00:00', 17),
(681, '2020-08-04', '08:00:09', '17:00:00', 2),
(682, '2020-08-04', '08:00:46', '17:00:00', 22),
(683, '2020-08-04', '08:00:49', '17:00:00', 21),
(684, '2020-08-04', '08:00:52', '17:00:00', 8),
(685, '2020-08-04', '08:00:55', '17:00:00', 9),
(686, '2020-08-04', '08:02:32', '17:00:00', 6),
(687, '2020-08-04', '08:20:56', '17:00:00', 16),
(688, '2020-08-04', '10:05:00', '17:00:00', 15),
(689, '2020-08-04', '13:25:59', '17:00:00', 23),
(690, '2020-08-05', '07:24:00', '17:00:00', 4),
(691, '2020-08-05', '07:24:52', '17:00:00', 7),
(692, '2020-08-05', '07:43:23', '17:00:00', 5),
(693, '2020-08-05', '07:55:21', '17:00:00', 22),
(694, '2020-08-05', '07:56:03', '17:00:00', 20),
(695, '2020-08-05', '07:56:25', '17:00:00', 23),
(696, '2020-08-05', '07:56:56', '17:00:00', 13),
(697, '2020-08-05', '07:57:25', '17:00:00', 17),
(698, '2020-08-05', '07:58:56', '17:00:00', 10),
(699, '2020-08-05', '08:00:23', '17:00:00', 8),
(700, '2020-08-05', '08:00:25', '17:00:00', 18),
(701, '2020-08-05', '08:00:35', '17:00:00', 9),
(702, '2020-08-05', '08:00:52', '17:00:00', 1),
(703, '2020-08-05', '08:05:26', '17:00:00', 14),
(704, '2020-08-05', '08:05:35', '17:00:00', 24),
(705, '2020-08-05', '08:06:24', '17:00:00', 3),
(706, '2020-08-05', '09:25:55', '17:00:00', 16),
(707, '2020-08-05', '09:50:23', '17:00:00', 11),
(708, '2020-08-05', '11:30:11', '17:00:00', 6),
(709, '2020-08-06', '07:10:00', '17:00:00', 7),
(710, '2020-08-06', '07:20:52', '17:00:00', 22),
(711, '2020-08-06', '07:45:32', '17:00:00', 1),
(712, '2020-08-06', '07:50:41', '17:00:00', 5),
(713, '2020-08-06', '07:58:21', '17:00:00', 16),
(714, '2020-08-06', '07:59:22', '17:00:00', 2),
(715, '2020-08-06', '07:59:29', '17:00:00', 10),
(716, '2020-08-06', '07:59:35', '17:00:00', 24),
(717, '2020-08-06', '07:59:46', '17:00:00', 13),
(718, '2020-08-06', '08:00:00', '17:00:00', 9),
(719, '2020-08-06', '08:00:21', '17:00:00', 4),
(720, '2020-08-06', '08:00:32', '17:00:00', 17),
(721, '2020-08-06', '08:00:39', '17:00:00', 18),
(722, '2020-08-06', '08:00:49', '17:00:00', 19),
(723, '2020-08-06', '08:00:52', '17:00:00', 8),
(724, '2020-08-06', '08:05:23', '17:00:00', 3),
(725, '2020-08-06', '08:10:25', '17:00:00', 14),
(726, '2020-08-06', '08:44:11', '17:00:00', 6),
(727, '2020-08-06', '08:56:22', '17:00:00', 23),
(728, '2020-08-06', '09:04:21', '17:00:00', 11),
(729, '2020-08-06', '12:20:00', '17:00:00', 20),
(730, '2020-08-07', '07:43:22', '17:00:00', 6),
(731, '2020-08-07', '07:49:21', '17:00:00', 4),
(732, '2020-08-07', '07:50:11', '17:00:00', 3),
(733, '2020-08-07', '07:50:19', '17:00:00', 22),
(734, '2020-08-07', '07:50:28', '17:00:00', 7),
(735, '2020-08-07', '07:55:59', '17:00:00', 1),
(736, '2020-08-07', '07:56:28', '17:00:00', 2),
(737, '2020-08-07', '07:59:00', '17:00:00', 10),
(738, '2020-08-07', '07:59:38', '17:00:00', 17),
(739, '2020-08-07', '07:59:44', '17:00:00', 14),
(740, '2020-08-07', '07:59:58', '17:00:00', 13),
(741, '2020-08-07', '08:08:23', '17:00:00', 5),
(742, '2020-08-07', '08:08:39', '17:00:00', 16),
(743, '2020-08-07', '08:08:59', '17:00:00', 18),
(744, '2020-08-07', '08:09:24', '17:00:00', 20),
(745, '2020-08-07', '08:15:23', '17:00:00', 9),
(746, '2020-08-07', '08:28:22', '17:00:00', 23),
(747, '2020-08-07', '08:28:39', '17:00:00', 24),
(748, '2020-08-07', '08:28:54', '17:00:00', 19),
(749, '2020-08-07', '08:28:59', '17:00:00', 8),
(750, '2020-08-10', '07:35:00', '17:00:00', 22),
(751, '2020-08-10', '07:42:25', '17:00:00', 4),
(752, '2020-08-10', '07:50:00', '17:00:00', 1),
(753, '2020-08-10', '07:50:25', '17:00:00', 5),
(754, '2020-08-10', '07:52:55', '17:00:00', 20),
(755, '2020-08-10', '07:55:24', '17:00:00', 2),
(756, '2020-08-10', '08:00:21', '17:00:00', 9),
(757, '2020-08-10', '08:00:35', '17:00:00', 10),
(758, '2020-08-10', '08:00:45', '17:00:00', 13),
(759, '2020-08-10', '08:00:58', '17:00:00', 7),
(760, '2020-08-10', '08:15:48', '17:00:00', 11),
(761, '2020-08-10', '08:15:49', '17:00:00', 6),
(762, '2020-08-10', '08:17:24', '17:00:00', 17),
(763, '2020-08-10', '08:20:54', '17:00:00', 18),
(764, '2020-08-10', '08:22:13', '17:00:00', 8),
(765, '2020-08-10', '08:23:52', '17:00:00', 3),
(766, '2020-08-10', '08:34:59', '17:00:00', 16),
(767, '2020-08-11', '07:10:00', '17:00:00', 7),
(768, '2020-08-11', '07:50:24', '17:00:00', 1),
(769, '2020-08-11', '07:50:58', '17:00:00', 20),
(770, '2020-08-11', '07:56:35', '17:00:00', 10),
(771, '2020-08-11', '07:57:00', '17:00:00', 18),
(772, '2020-08-11', '07:59:08', '17:00:00', 4),
(773, '2020-08-11', '07:59:59', '17:00:00', 19),
(774, '2020-08-11', '08:00:10', '17:00:00', 9),
(775, '2020-08-11', '08:00:16', '17:00:00', 16),
(776, '2020-08-11', '08:00:24', '17:00:00', 2),
(777, '2020-08-11', '08:00:29', '17:00:00', 22),
(778, '2020-08-11', '08:00:35', '17:00:00', 13),
(779, '2020-08-11', '08:00:41', '17:00:00', 5),
(780, '2020-08-11', '08:00:49', '17:00:00', 8),
(781, '2020-08-11', '08:01:25', '17:00:00', 17),
(782, '2020-08-11', '08:05:24', '17:00:00', 24),
(783, '2020-08-11', '08:30:39', '17:00:00', 21),
(784, '2020-08-11', '08:43:00', '17:00:00', 3),
(785, '2020-08-11', '08:50:00', '17:00:00', 14),
(786, '2020-08-11', '10:32:00', '17:00:00', 6),
(787, '2020-08-12', '07:25:02', '17:00:00', 10),
(788, '2020-08-12', '07:43:21', '17:00:00', 4),
(789, '2020-08-12', '07:45:21', '17:00:00', 2),
(790, '2020-08-12', '07:50:41', '17:00:00', 1),
(791, '2020-08-12', '07:52:04', '17:00:00', 7),
(792, '2020-08-12', '07:55:36', '17:00:00', 22),
(793, '2020-08-12', '07:56:58', '17:00:00', 17),
(794, '2020-08-12', '07:57:14', '17:00:00', 14),
(795, '2020-08-12', '08:05:09', '17:00:00', 8),
(796, '2020-08-12', '08:06:54', '17:00:00', 18),
(797, '2020-08-12', '08:13:27', '17:00:00', 13),
(798, '2020-08-12', '08:14:37', '17:00:00', 5),
(799, '2020-08-12', '08:15:19', '17:00:00', 3),
(800, '2020-08-12', '08:15:38', '17:00:00', 11),
(801, '2020-08-12', '08:30:21', '17:00:00', 24),
(802, '2020-08-12', '08:40:45', '17:00:00', 6),
(803, '2020-08-12', '08:40:59', '17:00:00', 9),
(804, '2020-08-12', '09:05:48', '17:00:00', 16),
(805, '2020-08-12', '11:18:03', '17:00:00', 20),
(806, '2020-08-13', '07:05:00', '17:00:00', 7),
(807, '2020-08-13', '07:15:24', '17:00:00', 10),
(808, '2020-08-13', '07:26:28', '17:00:00', 6),
(809, '2020-08-13', '07:40:21', '17:00:00', 1),
(810, '2020-08-13', '07:45:35', '17:00:00', 8),
(811, '2020-08-13', '07:45:47', '17:00:00', 4),
(812, '2020-08-13', '07:45:59', '17:00:00', 13),
(813, '2020-08-13', '07:47:24', '17:00:00', 11),
(814, '2020-08-13', '07:55:14', '17:00:00', 5),
(815, '2020-08-13', '07:55:26', '17:00:00', 17),
(816, '2020-08-13', '07:55:28', '17:00:00', 24),
(817, '2020-08-13', '07:55:45', '17:00:00', 2),
(818, '2020-08-13', '07:56:21', '17:00:00', 3),
(819, '2020-08-13', '07:57:35', '17:00:00', 22),
(820, '2020-08-13', '07:59:54', '17:00:00', 20),
(821, '2020-08-13', '08:00:09', '17:00:00', 18),
(822, '2020-08-13', '08:05:24', '17:00:00', 16),
(823, '2020-08-13', '08:10:29', '17:00:00', 14),
(824, '2020-08-13', '08:10:34', '17:00:00', 9),
(825, '2020-08-13', '08:20:01', '17:00:00', 23),
(826, '2020-08-13', '09:30:24', '17:00:00', 19),
(827, '2020-08-14', '07:29:21', '17:00:00', 4),
(828, '2020-08-14', '07:30:25', '17:00:00', 11),
(829, '2020-08-14', '07:38:24', '17:00:00', 6),
(830, '2020-08-14', '07:40:15', '17:00:00', 13),
(831, '2020-08-14', '07:45:39', '17:00:00', 10),
(832, '2020-08-14', '07:47:58', '17:00:00', 22),
(833, '2020-08-14', '07:50:02', '17:00:00', 1),
(834, '2020-08-14', '07:52:24', '17:00:00', 7),
(835, '2020-08-14', '07:54:12', '17:00:00', 20),
(836, '2020-08-14', '07:54:14', '17:00:00', 24),
(837, '2020-08-14', '07:55:29', '17:00:00', 8),
(838, '2020-08-14', '08:05:28', '17:00:00', 2),
(839, '2020-08-14', '08:06:54', '17:00:00', 14),
(840, '2020-08-14', '08:06:59', '17:00:00', 18),
(841, '2020-08-14', '08:10:22', '17:00:00', 5),
(842, '2020-08-14', '08:10:27', '17:00:00', 9),
(843, '2020-08-14', '08:11:33', '17:00:00', 3),
(844, '2020-08-14', '08:20:54', '17:00:00', 16),
(845, '2020-08-14', '08:20:59', '17:00:00', 19),
(846, '2020-08-14', '09:40:14', '17:00:00', 17),
(847, '2020-08-17', '07:45:12', '17:00:00', 14),
(848, '2020-08-17', '07:46:20', '17:00:00', 2),
(849, '2020-08-17', '07:48:25', '17:00:00', 13),
(850, '2020-08-17', '07:54:21', '17:00:00', 1),
(851, '2020-08-17', '07:55:39', '17:00:00', 4),
(852, '2020-08-17', '07:58:20', '17:00:00', 17),
(853, '2020-08-17', '07:58:24', '17:00:00', 24),
(854, '2020-08-17', '07:58:59', '17:00:00', 22),
(855, '2020-08-17', '08:00:15', '17:00:00', 3),
(856, '2020-08-17', '08:00:24', '17:00:00', 18),
(857, '2020-08-17', '08:02:45', '17:00:00', 11),
(858, '2020-08-17', '08:10:25', '17:00:00', 10),
(859, '2020-08-17', '08:11:54', '17:00:00', 7),
(860, '2020-08-17', '08:17:46', '17:00:00', 16),
(861, '2020-08-17', '08:21:09', '17:00:00', 8),
(862, '2020-08-17', '08:21:30', '17:00:00', 5),
(863, '2020-08-17', '08:30:44', '17:00:00', 9),
(864, '2020-08-17', '08:30:59', '17:00:00', 6),
(865, '2020-08-17', '08:31:54', '17:00:00', 19),
(866, '2020-08-18', '07:15:02', '17:00:00', 10),
(867, '2020-08-18', '07:30:25', '17:00:00', 7),
(868, '2020-08-18', '07:32:25', '17:00:00', 11),
(869, '2020-08-18', '07:44:24', '17:00:00', 1),
(870, '2020-08-18', '07:45:45', '17:00:00', 24),
(871, '2020-08-18', '07:45:59', '17:00:00', 2),
(872, '2020-08-18', '07:52:08', '17:00:00', 21),
(873, '2020-08-18', '07:52:59', '17:00:00', 13),
(874, '2020-08-18', '07:59:25', '17:00:00', 22),
(875, '2020-08-18', '07:59:30', '17:00:00', 19),
(876, '2020-08-18', '07:59:50', '17:00:00', 14),
(877, '2020-08-18', '08:00:09', '17:00:00', 3),
(878, '2020-08-18', '08:00:18', '17:00:00', 18),
(879, '2020-08-18', '08:05:19', '17:00:00', 5),
(880, '2020-08-18', '08:05:24', '17:00:00', 17),
(881, '2020-08-18', '08:05:58', '17:00:00', 8),
(882, '2020-08-18', '08:10:24', '17:00:00', 4),
(883, '2020-08-18', '08:11:24', '17:00:00', 23),
(884, '2020-08-18', '08:23:54', '17:00:00', 9),
(885, '2020-08-18', '08:30:44', '17:00:00', 6),
(886, '2020-08-18', '09:00:09', '17:00:00', 16),
(887, '2020-08-18', '11:30:00', '17:00:00', 20),
(888, '2020-08-19', '07:27:21', '17:00:00', 14),
(889, '2020-08-19', '07:27:30', '17:00:00', 10),
(890, '2020-08-19', '07:27:54', '17:00:00', 13),
(891, '2020-08-19', '07:30:01', '17:00:00', 2),
(892, '2020-08-19', '07:45:21', '17:00:00', 1),
(893, '2020-08-19', '07:47:28', '17:00:00', 6),
(894, '2020-08-19', '07:47:59', '17:00:00', 24),
(895, '2020-08-19', '07:50:09', '17:00:00', 7),
(896, '2020-08-19', '07:58:24', '17:00:00', 11),
(897, '2020-08-19', '08:03:25', '17:00:00', 8),
(898, '2020-08-19', '08:03:25', '17:00:00', 17),
(899, '2020-08-19', '08:03:49', '17:00:00', 9),
(900, '2020-08-19', '08:03:51', '17:00:00', 20),
(901, '2020-08-19', '08:03:55', '17:00:00', 22),
(902, '2020-08-19', '08:03:58', '17:00:00', 18),
(903, '2020-08-19', '08:04:24', '17:00:00', 3),
(904, '2020-08-19', '08:12:09', '17:00:00', 5),
(905, '2020-08-19', '08:12:54', '17:00:00', 4),
(906, '2020-08-19', '08:13:24', '17:00:00', 23),
(907, '2020-08-19', '08:17:48', '17:00:00', 21),
(908, '2020-08-19', '08:22:09', '17:00:00', 16),
(909, '2020-08-19', '08:30:20', '17:00:00', 19),
(910, '2020-08-20', '06:45:00', '17:00:00', 7),
(911, '2020-08-20', '07:30:25', '17:00:00', 11),
(912, '2020-08-20', '07:33:21', '17:00:00', 8),
(913, '2020-08-20', '07:41:02', '17:00:00', 13),
(914, '2020-08-20', '07:41:09', '17:00:00', 2),
(915, '2020-08-20', '07:50:24', '17:00:00', 19),
(916, '2020-08-20', '07:51:24', '17:00:00', 4),
(917, '2020-08-20', '07:55:21', '17:00:00', 1),
(918, '2020-08-20', '07:55:29', '17:00:00', 16),
(919, '2020-08-20', '07:56:59', '17:00:00', 20),
(920, '2020-08-20', '07:58:10', '17:00:00', 17),
(921, '2020-08-20', '07:59:21', '17:00:00', 18),
(922, '2020-08-20', '07:59:28', '17:00:00', 22),
(923, '2020-08-20', '08:17:14', '17:00:00', 10),
(924, '2020-08-20', '08:17:32', '17:00:00', 5),
(925, '2020-08-20', '08:20:14', '17:00:00', 3);

-- --------------------------------------------------------

--
-- Structure de la table `motifs`
--

CREATE TABLE `motifs` (
  `id_motif` int(11) NOT NULL,
  `libelle` varchar(50) NOT NULL
) ENGINE=InnoDB DEFAULT CHARSET=utf8mb4;

--
-- Déchargement des données de la table `motifs`
--

INSERT INTO `motifs` (`id_motif`, `libelle`) VALUES
(1, 'Inconnu'),
(2, 'Non justifie'),
(3, 'Maladie'),
(4, 'Famille'),
(5, 'Professionel'),
(6, 'Autres');

-- --------------------------------------------------------

--
-- Structure de la table `personnes`
--

CREATE TABLE `personnes` (
  `id_pers` int(11) NOT NULL,
  `nom` varchar(50) NOT NULL,
  `prenom` varchar(50) DEFAULT NULL,
  `sexe` varchar(1) NOT NULL,
  `email` varchar(70) NOT NULL,
  `mdp` varchar(160) NOT NULL
) ENGINE=InnoDB DEFAULT CHARSET=utf8mb4;

--
-- Déchargement des données de la table `personnes`
--

INSERT INTO `personnes` (`id_pers`, `nom`, `prenom`, `sexe`, `email`, `mdp`) VALUES
(1, 'Tchakote', 'Bryan', 'M', 'tchakote@gmail.com', '$2y$10$P81SzK1Zfhjm/rjgUH0MgetxJXpg4nD94lajPiWCM98Ul9z6kjl6C'),
(2, 'Mbiemeni', 'Dimitri', 'M', 'dimitri@gmail.com', '$2y$10$iyZTsv9PQtHJMXfqAobgPefSQTu0h8E39Mhk9eZLnqFz4g.7ksTBG'),
(3, 'Fotso', 'Rith', 'M', 'fotso@gmail.com', '$2y$10$wTTQPCiRl.R0VqFp0MHFHOp/NVyHhGNeIFUXU0D1ahz.i.p3r9aTC'),
(4, 'Bill', 'Nelson', 'M', 'nelson@gmail.com', '$2y$10$F1b3iGL8U9cR6KmzUGTuEeCsB4WOkXrBhUbLckNPM0nzNu85YdUci'),
(5, 'Tatsinkou', 'Leslie', 'F', 'tatsinkou@gmail.com', '$2y$10$vBu/3DnMJA0usQZK/6IyPOI3o7yWNRiVIN3sK6inH.4Iq4J9LuveO'),
(6, 'Kamga', 'Audrey', 'F', 'kamga@gmail.com', '$2y$10$Fcy4OEOCdUJReswBMcGlVOEcQkFD1LVepB5NL8fvqKh7Pyww/MIKW'),
(7, 'Ndom', 'Marie', 'F', 'ndom@gmail.com', '$2y$10$asG4gM/n6iYdSEwoKa46DuHiqMBwRrGssnQ2o3d7T07TjlZAbFuEe'),
(8, 'Kamdem', 'Emmanuel', 'M', 'kamdem@gmail.com', '$2y$10$xy0sAEhT/vpG6Ze/jOKHOuspkcUOZEbYYFnzU7/laisZJ0DaXLCR.'),
(9, 'Feuangueu', 'litisia', 'F', 'feuangueu@gmail.com', '$2y$10$qI4/Rri9qp6zc6bXnxpWw.baENJvQotK6S4qAo9bKH13oDzlhsyCa'),
(10, 'Fotio', 'Stacey', 'F', 'fotio@gmail.com', '$2y$10$vnI6QKPNiQCbxXILKS7Ef.Lbiks/tU6UWAfp2NwWgmCXjvjeFEvOm'),
(11, 'Feuzeu', 'Wesley', 'M', 'wesley@gmail.com', '$2y$10$A1DzNWtYad.34lqN/dC.oOIyJq7tEnl38OS8I6.nO1Dto8.6zny.u'),
(12, 'Happi', 'Donald', 'M', 'happi@gmail.com', '$2y$10$8bcxrXZAuARpomwENSOXXOCQhfpi8/0QLXb7gW4vjti38UsfVvXOO'),
(13, 'Fogaing', 'Patrick', 'M', 'fogaing@gmail.com', '$2y$10$qRaUjqef8odsV2JlAjelR.4rjXOC.47wwiyv7uHtB6jrUujJt.GtK'),
(14, 'Nanfah', 'Aelle', 'F', 'ananfah@gmail.com', '$2y$10$.l4GEe3CNoNmRD89q4lI/.UKR6i92f5S.agU9Yq9glEhqvZhWkgKK'),
(15, 'Nanfah', 'Anais', 'F', 'anananfah@gmail.com', '$2y$10$7yCx3tuaAZqQgRfyb3THauAoMeNHp9RiLzFwuCJLwaEslyNBFYvTC'),
(16, 'Mobasso', 'Guilhem', 'M', 'mobasso@gmail.com', '$2y$10$RaTwZ46KYg7ZJOs5MZodj.idBpD5LWEXy63SOl36YUPVWRfly3//G'),
(17, 'Ngnibo', 'Michelle', 'F', 'ngibo@gmail.com', '$2y$10$Ly2ZwOcNW.EQ46tWI0yIreRrMKTbOvF0ykCGhnLoP5EWm0yGWB0rW'),
(18, 'Nguepie', 'Katia', 'F', 'nguepie@gmail.com', '$2y$10$WwM08RUKcWjqPVa/DQhYb.FcGWaF6HCmbxnG0GdOwxHjq8eat4ZSG'),
(19, 'Ngeunang', 'Eve', 'F', 'nguenang@gmail.com', '$2y$10$sJ301Rv3ZuR0.RrokzVXWulIq02q2hm2dXOtNCK2.jPs95EbwNJYW'),
(20, 'Tamo', 'Josias', 'M', 'tamo@gmail.com', '$2y$10$X1glhG0A74iQwWcTkq3zPO9qNm3PSlL7Z1Lzh3ccF8OVoPOmgdzRO'),
(21, 'Ewodo', 'martial', 'M', 'ewodo@gmail.com', '$2y$10$uKqWpIfm.MJcW0ocVSXIUO8OetDRiYLQvyZZiJcGtxcsIcG03O1OS'),
(22, 'Mekie', 'Karl', 'M', 'mekie@gmail.com', '$2y$10$kiOayDnYwzSS8TufhJFMb.FvUHoqEcHohWwhw81oGJEaaHuRfHmJS'),
(23, 'Ngangouo', 'Adrien', 'M', 'ngangouo@gmail.com', '$2y$10$91ltEF0AZuW5HTAEbOAozuaAg.9Vh6kN6wRX6wRKIIUjXUiqThLyO'),
(24, 'Tetsa', 'Laura', 'F', 'tetsa@gmail.com', '$2y$10$8koaY2OGO2Idu/EK.nwrTOClRNJCkxlL2py.lb3E0MtBCquBuTfHW'),
(25, 'Tsana', 'Sinclair', 'M', 'tsana@gmail.com', '$2y$10$mweecgDr6gEAMufKZC/Pr.vje69isXbrJT6095m4sIT6.jPJKDREC'),
(26, 'Nkuimi', 'Celestin', 'M', 'nkuimi@gmail.com', '$2y$10$.We1r1TdTJDQZI1cfbFWh.mDEHZb/ljE35sStH8fcETM6CJX/vMmy'),
(27, 'Tegankong', 'David', 'M', 'tegankong@gmail.com', '$2y$10$LRBSHalhWjXaMjcQLc8ikOFo9a8Aws8KftP0mt/eVoXHFFFNxQAe.'),
(28, 'Tapamo', 'Hippolyte', 'M', 'tapamo@gmail.com', '$2y$10$CquH/l7p3QJHb1dZcnpbe.K8Q06xVg8Q1czNqbF//c8fVjypAZ4NW'),
(29, 'Ngnodjom', 'Hubert', 'M', 'ngnodjom@gmail.com', '$2y$10$UX1zO2y13ot7uSeZPdqL7OAFhAAg/mGGq8yGCxLYHB81oTtB.DnRa'),
(30, 'Ngum', 'Doris', 'F', 'ngum@gmail.com', '$2y$10$kRUGc9440WM8TGwOv9YO3.VKXskulvSRmFAxoge03MpompHXBlcoG'),
(31, 'Toussile', 'Wilson', 'M', 'wilson@gmail.com', '$2y$10$cz9vf.46aFs5ON6.ODrfleOa3yGy9eqOhkNKYrZu/7Da1uUGULrdW'),
(32, 'Takou', 'Etienne', 'M', 'takou@gmail.com', '$2y$10$DKrJeNsTztI9otVzsixpk.WdilLELjf9YlDD3xfCeAikzztCdk0jO'),
(33, 'Tchantcho', 'Bertrand', 'M', 'tchantcho@gmail.com', '$2y$10$xN77cgWBYi.rEqSWzPb/S.5C8Sl/PRWifQVO3TU5SlIjlh1cKCg4m'),
(34, 'Tchana', '', 'F', 'tchana@gmail.com', '$2y$10$FYaGqN4h6y2gUvYZTeXch.YyFaDYfzlse2H3PRdLecWewKRLCwPGG'),
(35, 'Belabou', 'Arlette', 'F', 'belabou@gmail.com', '$2y$10$TdLpU0icdLNfpCpRP4hzkO.JWZK1Y1mRfBRPQMHFNppwr3kuWZhOW'),
(36, 'Kianpi', 'Maurice', 'M', 'kianpi@gmail.com', '$2y$10$zzUbM0EdkjmU.9uvflP.auhaawAlFdQz1J0sLQxcD1xVeTKrRHKbW'),
(37, 'Tsamo', 'Etienne', 'M', 'tsamo@gmail.com', '$2y$10$7d8H/WkAlc/MDVcgKpcLJufGkm2lCX2EjXudgUxXVKMOIyd.mPwXS'),
(38, 'Tatieze', 'Thierry', 'M', 'tatieze@gmail.com', '$2y$10$fs0NEefgqaJ3/A7Nhe3IvOaw75oUT5wDEjEUgChkxVaanJkrJC.wi'),
(39, 'Oyono', 'Paul', 'M', 'oyono@gmail.com', '$2y$10$.BzTVJjEsFaf6q76j1UjQ.BLnckAB1Mi9GAT0Y3TKCb8UcEPnsPO.'),
(40, 'Tonou', 'Leslie', 'F', 'tonou@gmail.com', '$2y$10$pA8yNoGFhiZic7O3elHiau6GXGJfo8TYoFXh3CU9Hd38E/P9kQfmq'),
(41, 'Kamba', 'Thomas', 'M', 'kamba@gmail.com', '$2y$10$7XnTVTqC.yrFg7m/0syx9eoyEg0XjSdO3Oc0UqZveyiRQBh9JtTLC'),
(42, 'Ahmad', '', 'M', 'ahmad@gmail.com', '$2y$10$KXv1Ur4Y9PfrB2.htX5Ce.jkkBrSC2RBruMDSDkmtprNGGnVG.r2a'),
(43, 'Embolo', 'Bernard', 'M', 'embolo@gmail.com', '$2y$10$CH.P4nWWU7Wf/HcAzCJVtOF2JBZATJO/WA6pMYtSwbtkk2sCIx/ou'),
(44, 'Kamga', 'Cyrille', 'M', 'cyrille@gmail.com', '$2y$10$G6I7IqnzjL.MeVxX8B25NOLdhV0V9XcHq6QH8nL35rDg/ybl7pNWa'),
(45, 'Mvondo', 'Apollinaire', 'M', 'mvondo@gmail.com', '$2y$10$tmCDR25Cw2m9PNA7m2VwyO/1WajwyM3SyVxmaN1m77vuvOjs4Wooi'),
(46, 'Abdoulaye', 'Doudou', 'M', 'abdoulaye@gmail.com', '$2y$10$bYHgXtCvz1AaJX99XqdASeuvbHNZEowxOdcbMgWtLuviVIHrMo3EW'),
(47, 'Etoa', 'Kitty', 'F', 'etoa@gmail.com', '$2y$10$qPwLsXGLVBB0460Zlnhwye8wbVk7FQ/E0rbu4pKVoGsTW7jcwib6K'),
(48, 'Lildjiki', 'Pig', 'M', 'lildjiki@gmail.com', '$2y$10$TEGhI8y5Yk63xBqSk3jGCuJlN3fc2wqBUBfa.jgvsy0ANlUczhKba'),
(49, 'Azang', 'Sam', 'M', 'azang@gmail.com', '$2y$10$GQATKoNCqCemneybYnD/U.p.5Wf6cnXGt/KhkO4rvESbAfbrNbvs6'),
(50, 'Mouandjo', 'Binou', 'F', 'mouandjo@gmail.com', '$2y$10$kjZKuEG0LiTjUDuqItMuXud098qEfRnZd9xRc.GNWMJzH.8ScftGi'),
(51, 'Abina', 'Costeau', 'M', 'abina@gmail.com', '$2y$10$LQBeN/TU1QEO1g24sL641eZkHYg4rT6Z/GPb9Md97EfaJ7loOwcb6'),
(52, 'Adiame', 'Sunshine', 'F', 'adiame@gmail.com', '$2y$10$bhg5nFLBjdM9bAC/c7TbNer3yK8DP0yj5Ehl4OOz1CUFRbXl.YZZW');

-- --------------------------------------------------------

--
-- Structure de la table `staff`
--

CREATE TABLE `staff` (
  `est_admin` tinyint(1) NOT NULL,
  `id_pers` int(11) NOT NULL
) ENGINE=InnoDB DEFAULT CHARSET=utf8mb4;

--
-- Déchargement des données de la table `staff`
--

INSERT INTO `staff` (`est_admin`, `id_pers`) VALUES
(1, 37),
(1, 38),
(0, 39),
(0, 40),
(0, 41),
(0, 42);

--
-- Index pour les tables déchargées
--

--
-- Index pour la table `absences`
--
ALTER TABLE `absences`
  ADD PRIMARY KEY (`id_abs`),
  ADD KEY `absences_personnes_FK` (`id_pers`),
  ADD KEY `absences_motifs0_FK` (`id_motif`);

--
-- Index pour la table `enseignants`
--
ALTER TABLE `enseignants`
  ADD PRIMARY KEY (`id_pers`);

--
-- Index pour la table `etudiants`
--
ALTER TABLE `etudiants`
  ADD PRIMARY KEY (`id_pers`),
  ADD UNIQUE KEY `etudiants_AK` (`matricule`);

--
-- Index pour la table `instants`
--
ALTER TABLE `instants`
  ADD PRIMARY KEY (`id_ins`),
  ADD KEY `instants_personnes_FK` (`id_pers`);

--
-- Index pour la table `motifs`
--
ALTER TABLE `motifs`
  ADD PRIMARY KEY (`id_motif`);

--
-- Index pour la table `personnes`
--
ALTER TABLE `personnes`
  ADD PRIMARY KEY (`id_pers`),
  ADD UNIQUE KEY `personnes_AK` (`email`);

--
-- Index pour la table `staff`
--
ALTER TABLE `staff`
  ADD PRIMARY KEY (`id_pers`);

--
-- AUTO_INCREMENT pour les tables déchargées
--

--
-- AUTO_INCREMENT pour la table `absences`
--
ALTER TABLE `absences`
  MODIFY `id_abs` int(11) NOT NULL AUTO_INCREMENT, AUTO_INCREMENT=620;

--
-- AUTO_INCREMENT pour la table `instants`
--
ALTER TABLE `instants`
  MODIFY `id_ins` int(11) NOT NULL AUTO_INCREMENT, AUTO_INCREMENT=927;

--
-- AUTO_INCREMENT pour la table `motifs`
--
ALTER TABLE `motifs`
  MODIFY `id_motif` int(11) NOT NULL AUTO_INCREMENT, AUTO_INCREMENT=7;

--
-- AUTO_INCREMENT pour la table `personnes`
--
ALTER TABLE `personnes`
  MODIFY `id_pers` int(11) NOT NULL AUTO_INCREMENT, AUTO_INCREMENT=55;

--
-- Contraintes pour les tables déchargées
--

--
-- Contraintes pour la table `absences`
--
ALTER TABLE `absences`
  ADD CONSTRAINT `absences_motifs0_FK` FOREIGN KEY (`id_motif`) REFERENCES `motifs` (`id_motif`),
  ADD CONSTRAINT `absences_personnes_FK` FOREIGN KEY (`id_pers`) REFERENCES `personnes` (`id_pers`);

--
-- Contraintes pour la table `enseignants`
--
ALTER TABLE `enseignants`
  ADD CONSTRAINT `enseignants_personnes_FK` FOREIGN KEY (`id_pers`) REFERENCES `personnes` (`id_pers`);

--
-- Contraintes pour la table `etudiants`
--
ALTER TABLE `etudiants`
  ADD CONSTRAINT `etudiants_personnes_FK` FOREIGN KEY (`id_pers`) REFERENCES `personnes` (`id_pers`);

--
-- Contraintes pour la table `instants`
--
ALTER TABLE `instants`
  ADD CONSTRAINT `instants_personnes_FK` FOREIGN KEY (`id_pers`) REFERENCES `personnes` (`id_pers`);

--
-- Contraintes pour la table `staff`
--
ALTER TABLE `staff`
  ADD CONSTRAINT `staff_personnes_FK` FOREIGN KEY (`id_pers`) REFERENCES `personnes` (`id_pers`);
COMMIT;

/*!40101 SET CHARACTER_SET_CLIENT=@OLD_CHARACTER_SET_CLIENT */;
/*!40101 SET CHARACTER_SET_RESULTS=@OLD_CHARACTER_SET_RESULTS */;
/*!40101 SET COLLATION_CONNECTION=@OLD_COLLATION_CONNECTION */;
